split,path_anchor,path_pos,path_neg
train,data/segmented/data/drive/id_503_IMG_20251024_173127381.jpg,data/segmented/data/drive/id_503_IMG_20251024_173105755.jpg,data/segmented/data/TAMPAR/id_09_20230523_155436.jpg
train,data/segmented/data/drive/id_503_IMG_20251024_172946237.jpg,data/segmented/data/drive/id_503_IMG_20251024_173015384.jpg,data/segmented/data/TAMPAR/id_06_20230523_141653.jpg
train,data/segmented/data/drive/id_503_IMG_20251024_173027871.jpg,data/segmented/data/drive/id_503_IMG_20251024_173127381.jpg,data/segmented/data/TAMPAR/id_13_20230524_103741.jpg
train,data/segmented/data/drive/id_503_IMG_20251024_173143132.jpg,data/segmented/data/drive/id_503_IMG_20251024_173255607.jpg,data/segmented/data/TAMPAR/id_02_20230523_162832.jpg
train,data/segmented/data/drive/id_503_IMG_20251024_172833986.jpg,data/segmented/data/drive/id_503_IMG_20251024_172846097.jpg,data/segmented/data/TAMPAR/id_16_20230523_172106.jpg
train,data/segmented/data/drive/id_503_IMG_20251024_172850072.jpg,data/segmented/data/drive/id_503_IMG_20251024_172822520.jpg,data/segmented/data/TAMPAR/id_19_20230524_102758.jpg
train,data/segmented/data/drive/id_503_IMG_20251024_172916104.jpg,data/segmented/data/drive/id_503_IMG_20251024_173255607.jpg,data/segmented/data/TAMPAR/id_22_20230523_190819.jpg
train,data/segmented/data/drive/id_503_IMG_20251024_173107773.jpg,data/segmented/data/drive/id_503_IMG_20251024_173232220.jpg,data/segmented/data/TAMPAR/id_12_20230524_095702.jpg
train,data/segmented/data/drive/id_503_IMG_20251024_173127381.jpg,data/segmented/data/drive/id_503_IMG_20251024_172837371.jpg,data/segmented/data/drive/id_501_IMG_3904.jpg
train,data/segmented/data/drive/id_503_IMG_20251024_173042490.jpg,data/segmented/data/drive/id_503_IMG_20251024_173038213.jpg,data/segmented/data/TAMPAR/id_14_20230523_191156.jpg
train,data/segmented/data/drive/id_502_IMG_20251025_183542974.jpg,data/segmented/data/drive/id_502_IMG_20251025_183609618.jpg,data/segmented/data/TAMPAR/id_21_20230523_171822.jpg
train,data/segmented/data/drive/id_502_IMG_20251025_183338742.jpg,data/segmented/data/drive/id_502_IMG_20251025_183443794.jpg,data/segmented/data/TAMPAR/id_28_20230524_105020.jpg
train,data/segmented/data/drive/id_502_IMG_20251025_183458624.jpg,data/segmented/data/drive/id_502_IMG_20251025_183604546.jpg,data/segmented/data/TAMPAR/id_29_20230524_104056.jpg
train,data/segmented/data/drive/id_502_IMG_20251025_183342510.jpg,data/segmented/data/drive/id_502_IMG_20251025_183429552.jpg,data/segmented/data/drive/id_103_IMG_20251017_145029.jpg
train,data/segmented/data/drive/id_502_IMG_20251025_183540920.jpg,data/segmented/data/drive/id_502_IMG_20251025_183547443.jpg,data/segmented/data/TAMPAR/id_17_20230524_102239.jpg
train,data/segmented/data/drive/id_502_IMG_20251025_183609618.jpg,data/segmented/data/drive/id_502_IMG_20251025_183553509.jpg,data/segmented/data/TAMPAR/id_01_20230523_160451.jpg
train,data/segmented/data/drive/id_502_IMG_20251025_183421433.jpg,data/segmented/data/drive/id_502_IMG_20251025_183616484.jpg,data/segmented/data/TAMPAR/id_21_20230524_100756.jpg
train,data/segmented/data/drive/id_502_IMG_20251025_183443794.jpg,data/segmented/data/drive/id_502_IMG_20251025_183342510.jpg,data/segmented/data/TAMPAR/id_29_20230523_171310.jpg
train,data/segmented/data/drive/id_502_IMG_20251025_183342510.jpg,data/segmented/data/drive/id_502_IMG_20251025_183532793.jpg,data/segmented/data/TAMPAR/id_16_20230523_185722.jpg
train,data/segmented/data/drive/id_502_IMG_20251025_183616484.jpg,data/segmented/data/drive/id_502_IMG_20251025_183519139.jpg,data/segmented/data/TAMPAR/id_17_20230524_102223.jpg
train,data/segmented/data/drive/id_103_IMG_20251017_145024(1).jpg,data/segmented/data/drive/id_103_IMG_20251017_145010.jpg,data/segmented/data/TAMPAR/id_04_20230523_141212.jpg
train,data/segmented/data/drive/id_103_IMG_20251017_145049(1).jpg,data/segmented/data/drive/id_103_IMG_20251017_145049.jpg,data/segmented/data/TAMPAR/id_10_20230523_185517.jpg
train,data/segmented/data/drive/id_103_IMG_20251017_144924.jpg,data/segmented/data/drive/id_103_IMG_20251017_145012(1).jpg,data/segmented/data/TAMPAR/id_22_20230523_185338.jpg
train,data/segmented/data/drive/id_103_IMG_20251017_144924.jpg,data/segmented/data/drive/id_103_IMG_20251017_145029(1).jpg,data/segmented/data/TAMPAR/id_15_20230523_185444.jpg
train,data/segmented/data/drive/id_103_IMG_20251017_144942.jpg,data/segmented/data/drive/id_103_IMG_20251017_144950.jpg,data/segmented/data/drive/id_106_IMG_20251020_141617_BURST1.jpg
train,data/segmented/data/drive/id_103_IMG_20251017_145042(1).jpg,data/segmented/data/drive/id_103_IMG_20251017_145042.jpg,data/segmented/data/drive/id_503_IMG_20251024_173136923.jpg
train,data/segmented/data/drive/id_103_IMG_20251017_145033(1).jpg,data/segmented/data/drive/id_103_IMG_20251017_144947.jpg,data/segmented/data/TAMPAR/id_08_20230523_162606.jpg
train,data/segmented/data/drive/id_103_IMG_20251017_145049(1).jpg,data/segmented/data/drive/id_103_IMG_4795.jpg,data/segmented/data/TAMPAR/id_02_20230523_141529.jpg
train,data/segmented/data/drive/id_103_IMG_20251017_145005(1).jpg,data/segmented/data/drive/id_103_IMG_4795.jpg,data/segmented/data/TAMPAR/id_11_20230523_191326.jpg
train,data/segmented/data/drive/id_103_IMG_4794.jpg,data/segmented/data/drive/id_103_IMG_20251017_145043(1).jpg,data/segmented/data/drive/id_106_IMG_20251020_141630_BURST15.jpg
train,data/segmented/data/drive/id_102_IMG_4782.jpg,data/segmented/data/drive/id_102_IMG_4781.jpg,data/segmented/data/TAMPAR/id_16_20230523_172049.jpg
train,data/segmented/data/drive/id_102_IMG_4781.jpg,data/segmented/data/drive/id_102_IMG_4779.jpg,data/segmented/data/TAMPAR/id_24_20230524_101753.jpg
train,data/segmented/data/drive/id_102_IMG_4779.jpg,data/segmented/data/drive/id_102_IMG_4781.jpg,data/segmented/data/TAMPAR/id_26_20230524_101106.jpg
train,data/segmented/data/drive/id_102_IMG_4782.jpg,data/segmented/data/drive/id_102_IMG_4779.jpg,data/segmented/data/TAMPAR/id_15_20230523_171917.jpg
train,data/segmented/data/drive/id_102_IMG_4782.jpg,data/segmented/data/drive/id_102_IMG_4779.jpg,data/segmented/data/TAMPAR/id_27_20230524_102350.jpg
train,data/segmented/data/drive/id_102_IMG_4782.jpg,data/segmented/data/drive/id_102_IMG_4779.jpg,data/segmented/data/TAMPAR/id_00_20230523_162359.jpg
train,data/segmented/data/drive/id_102_IMG_4781.jpg,data/segmented/data/drive/id_102_IMG_4779.jpg,data/segmented/data/TAMPAR/id_23_20230524_100836.jpg
train,data/segmented/data/drive/id_102_IMG_4779.jpg,data/segmented/data/drive/id_102_IMG_4782.jpg,data/segmented/data/TAMPAR/id_03_20230523_141735.jpg
train,data/segmented/data/drive/id_102_IMG_4782.jpg,data/segmented/data/drive/id_102_IMG_4779.jpg,data/segmented/data/TAMPAR/id_08_20230523_160332.jpg
train,data/segmented/data/drive/id_102_IMG_4782.jpg,data/segmented/data/drive/id_102_IMG_4779.jpg,data/segmented/data/TAMPAR/id_02_20230523_141538.jpg
train,data/segmented/data/drive/id_105_IMG_20251012_154930_258.jpg,data/segmented/data/drive/id_105_IMG_20251012_154930_363.jpg,data/segmented/data/TAMPAR/id_00_20230523_162359.jpg
train,data/segmented/data/drive/id_105_IMG_20251012_154930_363.jpg,data/segmented/data/drive/id_105_IMG_20251012_154930_258.jpg,data/segmented/data/TAMPAR/id_22_20230524_100454.jpg
train,data/segmented/data/drive/id_105_IMG_20251012_154930_363.jpg,data/segmented/data/drive/id_105_IMG_20251012_154930_258.jpg,data/segmented/data/TAMPAR/id_10_20230523_192010.jpg
train,data/segmented/data/drive/id_105_IMG_20251012_154930_363.jpg,data/segmented/data/drive/id_105_IMG_20251012_154930_258.jpg,data/segmented/data/drive/id_501_IMG_3882(1).jpg
train,data/segmented/data/drive/id_105_IMG_20251012_154930_258.jpg,data/segmented/data/drive/id_105_IMG_20251012_154930_363.jpg,data/segmented/data/TAMPAR/id_17_20230523_185140.jpg
train,data/segmented/data/drive/id_105_IMG_20251012_154930_258.jpg,data/segmented/data/drive/id_105_IMG_20251012_154930_363.jpg,data/segmented/data/drive/id_106_IMG_20251020_141630_BURST1.jpg
train,data/segmented/data/drive/id_105_IMG_20251012_154930_258.jpg,data/segmented/data/drive/id_105_IMG_20251012_154930_363.jpg,data/segmented/data/TAMPAR/id_19_20230523_191612.jpg
train,data/segmented/data/drive/id_105_IMG_20251012_154930_363.jpg,data/segmented/data/drive/id_105_IMG_20251012_154930_258.jpg,data/segmented/data/TAMPAR/id_17_20230523_185149.jpg
train,data/segmented/data/drive/id_105_IMG_20251012_154930_363.jpg,data/segmented/data/drive/id_105_IMG_20251012_154930_258.jpg,data/segmented/data/drive/id_106_IMG_20251020_141617_BURST12.jpg
train,data/segmented/data/drive/id_105_IMG_20251012_154930_363.jpg,data/segmented/data/drive/id_105_IMG_20251012_154930_258.jpg,data/segmented/data/TAMPAR/id_15_20230524_101904.jpg
validation,data/segmented/data/drive/id_501_IMG_3886.jpg,data/segmented/data/drive/id_501_IMG_3901.jpg,data/segmented/data/TAMPAR/id_21_20230524_102606.jpg
validation,data/segmented/data/drive/id_501_IMG_3884.jpg,data/segmented/data/drive/id_501_IMG_3900.jpg,data/segmented/data/drive/id_106_IMG_20251020_141630_BURST5.jpg
validation,data/segmented/data/drive/id_501_IMG_3891.jpg,data/segmented/data/drive/id_501_IMG_3893.jpg,data/segmented/data/TAMPAR/id_28_20230523_190013.jpg
validation,data/segmented/data/drive/id_501_IMG_3890.jpg,data/segmented/data/drive/id_501_IMG_3882.jpg,data/segmented/data/TAMPAR/id_03_20230523_141809.jpg
validation,data/segmented/data/drive/id_501_IMG_3891.jpg,data/segmented/data/drive/id_501_IMG_3897.jpg,data/segmented/data/TAMPAR/id_02_20230523_155217.jpg
validation,data/segmented/data/drive/id_501_IMG_3886(1).jpg,data/segmented/data/drive/id_501_IMG_3890.jpg,data/segmented/data/TAMPAR/id_09_20230523_162743.jpg
validation,data/segmented/data/drive/id_501_IMG_3886(1).jpg,data/segmented/data/drive/id_501_IMG_3890.jpg,data/segmented/data/drive/id_107_PXL_20251027_125647101.jpg
validation,data/segmented/data/drive/id_501_IMG_3889.jpg,data/segmented/data/drive/id_501_IMG_3889(1).jpg,data/segmented/data/TAMPAR/id_16_20230524_101643.jpg
validation,data/segmented/data/drive/id_501_IMG_3886.jpg,data/segmented/data/drive/id_501_IMG_3903.jpg,data/segmented/data/TAMPAR/id_15_20230524_095932.jpg
validation,data/segmented/data/drive/id_501_IMG_3885(1).jpg,data/segmented/data/drive/id_501_IMG_3888.jpg,data/segmented/data/TAMPAR/id_29_20230523_191837.jpg
train,data/segmented/data/drive/id_107_PXL_20251027_125711675.jpg,data/segmented/data/drive/id_107_PXL_20251027_125656688.jpg,data/segmented/data/TAMPAR/id_24_20230524_100105.jpg
train,data/segmented/data/drive/id_107_PXL_20251027_125656688.jpg,data/segmented/data/drive/id_107_PXL_20251027_125702958.jpg,data/segmented/data/TAMPAR/id_27_20230524_104006.jpg
train,data/segmented/data/drive/id_107_PXL_20251027_125708485.jpg,data/segmented/data/drive/id_107_PXL_20251027_125715530.jpg,data/segmented/data/TAMPAR/id_11_20230524_104421.jpg
train,data/segmented/data/drive/id_107_PXL_20251027_125722695.jpg,data/segmented/data/drive/id_107_PXL_20251027_125702958.jpg,data/segmented/data/drive/id_103_IMG_20251017_145038(1).jpg
train,data/segmented/data/drive/id_107_PXL_20251027_125702958.jpg,data/segmented/data/drive/id_107_PXL_20251027_125656688.jpg,data/segmented/data/drive/id_502_IMG_20251025_183429552.jpg
train,data/segmented/data/drive/id_107_PXL_20251027_125647101.jpg,data/segmented/data/drive/id_107_PXL_20251027_125725204.jpg,data/segmented/data/TAMPAR/id_10_20230523_192010.jpg
train,data/segmented/data/drive/id_107_PXL_20251027_125708485.jpg,data/segmented/data/drive/id_107_PXL_20251027_125725204.jpg,data/segmented/data/drive/id_501_IMG_3890.jpg
train,data/segmented/data/drive/id_107_PXL_20251027_125725204.jpg,data/segmented/data/drive/id_107_PXL_20251027_125708485.jpg,data/segmented/data/drive/id_101_IMG_5526.jpg
train,data/segmented/data/drive/id_107_PXL_20251027_125728042.jpg,data/segmented/data/drive/id_107_PXL_20251027_125705463.jpg,data/segmented/data/TAMPAR/id_11_20230524_102952.jpg
train,data/segmented/data/drive/id_107_PXL_20251027_125656688.jpg,data/segmented/data/drive/id_107_PXL_20251027_125715530.jpg,data/segmented/data/TAMPAR/id_11_20230523_185949.jpg
test,data/segmented/data/drive/id_121_IMG_0706.jpg,data/segmented/data/drive/id_121_IMG_0705.jpg,data/segmented/data/TAMPAR/id_01_20230523_162446.jpg
test,data/segmented/data/drive/id_121_IMG_0704.jpg,data/segmented/data/drive/id_121_IMG_0705.jpg,data/segmented/data/TAMPAR/id_02_20230523_160402.jpg
test,data/segmented/data/drive/id_121_IMG_0706.jpg,data/segmented/data/drive/id_121_IMG_0705.jpg,data/segmented/data/TAMPAR/id_16_20230524_104223.jpg
test,data/segmented/data/drive/id_121_IMG_0706.jpg,data/segmented/data/drive/id_121_IMG_0704.jpg,data/segmented/data/TAMPAR/id_19_20230523_191612.jpg
test,data/segmented/data/drive/id_121_IMG_0705.jpg,data/segmented/data/drive/id_121_IMG_0704.jpg,data/segmented/data/TAMPAR/id_16_20230524_104237.jpg
test,data/segmented/data/drive/id_121_IMG_0704.jpg,data/segmented/data/drive/id_121_IMG_0705.jpg,data/segmented/data/TAMPAR/id_10_20230523_185517.jpg
test,data/segmented/data/drive/id_121_IMG_0704.jpg,data/segmented/data/drive/id_121_IMG_0706.jpg,data/segmented/data/TAMPAR/id_27_20230523_185115.jpg
test,data/segmented/data/drive/id_121_IMG_0706.jpg,data/segmented/data/drive/id_121_IMG_0705.jpg,data/segmented/data/TAMPAR/id_22_20230523_190810.jpg
test,data/segmented/data/drive/id_121_IMG_0705.jpg,data/segmented/data/drive/id_121_IMG_0706.jpg,data/segmented/data/drive/id_106_IMG_20251020_141624_BURST14.jpg
test,data/segmented/data/drive/id_121_IMG_0704.jpg,data/segmented/data/drive/id_121_IMG_0705.jpg,data/segmented/data/drive/id_107_PXL_20251027_125722695.jpg
train,data/segmented/data/drive/id_114_IMG_20240828_171313_264.jpg,data/segmented/data/drive/id_114_IMG_20240904_184140_990.jpg,data/segmented/data/drive/id_122_IMG_0708.jpg
train,data/segmented/data/drive/id_114_IMG_20240904_184140_990.jpg,data/segmented/data/drive/id_114_IMG_20240828_171313_264.jpg,data/segmented/data/TAMPAR/id_08_20230523_141200.jpg
train,data/segmented/data/drive/id_114_IMG_20240828_171313_264.jpg,data/segmented/data/drive/id_114_IMG_20240904_184140_990.jpg,data/segmented/data/TAMPAR/id_19_20230523_190213.jpg
train,data/segmented/data/drive/id_114_IMG_20240904_184140_990.jpg,data/segmented/data/drive/id_114_IMG_20240828_171313_264.jpg,data/segmented/data/drive/id_501_IMG_3891.jpg
train,data/segmented/data/drive/id_114_IMG_20240828_171313_264.jpg,data/segmented/data/drive/id_114_IMG_20240904_184140_990.jpg,data/segmented/data/TAMPAR/id_13_20230524_102438.jpg
train,data/segmented/data/drive/id_114_IMG_20240904_184140_990.jpg,data/segmented/data/drive/id_114_IMG_20240828_171313_264.jpg,data/segmented/data/drive/id_502_IMG_20251025_183406680.jpg
train,data/segmented/data/drive/id_114_IMG_20240828_171313_264.jpg,data/segmented/data/drive/id_114_IMG_20240904_184140_990.jpg,data/segmented/data/TAMPAR/id_26_20230524_102843.jpg
train,data/segmented/data/drive/id_114_IMG_20240904_184140_990.jpg,data/segmented/data/drive/id_114_IMG_20240828_171313_264.jpg,data/segmented/data/TAMPAR/id_22_20230524_100511.jpg
train,data/segmented/data/drive/id_114_IMG_20240828_171313_264.jpg,data/segmented/data/drive/id_114_IMG_20240904_184140_990.jpg,data/segmented/data/TAMPAR/id_01_20230523_155243.jpg
train,data/segmented/data/drive/id_114_IMG_20240904_184140_990.jpg,data/segmented/data/drive/id_114_IMG_20240828_171313_264.jpg,data/segmented/data/TAMPAR/id_01_20230523_160430.jpg
train,data/segmented/data/drive/id_122_IMG_0707.jpg,data/segmented/data/drive/id_122_signal-2025-12-05-202419.jpeg,data/segmented/data/TAMPAR/id_07_20230523_141611.jpg
train,data/segmented/data/drive/id_122_IMG_0707.jpg,data/segmented/data/drive/id_122_signal-2025-12-05-202419.jpeg,data/segmented/data/TAMPAR/id_19_20230524_102824.jpg
train,data/segmented/data/drive/id_122_signal-2025-12-05-202419.jpeg,data/segmented/data/drive/id_122_IMG_0708.jpg,data/segmented/data/drive/id_502_IMG_20251025_183356129.jpg
train,data/segmented/data/drive/id_122_signal-2025-12-05-202419.jpeg,data/segmented/data/drive/id_122_IMG_0707.jpg,data/segmented/data/TAMPAR/id_13_20230524_102435.jpg
train,data/segmented/data/drive/id_122_IMG_0708.jpg,data/segmented/data/drive/id_122_signal-2025-12-05-202419.jpeg,data/segmented/data/TAMPAR/id_18_20230523_171730.jpg
train,data/segmented/data/drive/id_122_IMG_0708.jpg,data/segmented/data/drive/id_122_IMG_0707.jpg,data/segmented/data/TAMPAR/id_28_20230524_102146.jpg
train,data/segmented/data/drive/id_122_IMG_0707.jpg,data/segmented/data/drive/id_122_signal-2025-12-05-202419.jpeg,data/segmented/data/TAMPAR/id_15_20230524_095932.jpg
train,data/segmented/data/drive/id_122_IMG_0708.jpg,data/segmented/data/drive/id_122_signal-2025-12-05-202419.jpeg,data/segmented/data/TAMPAR/id_08_20230523_160332.jpg
train,data/segmented/data/drive/id_122_signal-2025-12-05-202419.jpeg,data/segmented/data/drive/id_122_IMG_0707.jpg,data/segmented/data/drive/id_501_IMG_3904.jpg
train,data/segmented/data/drive/id_122_IMG_0708.jpg,data/segmented/data/drive/id_122_IMG_0707.jpg,data/segmented/data/TAMPAR/id_12_20230524_102123.jpg
train,data/segmented/data/drive/id_109_media-1723458312354-Aug_12_2024_12_23.jpg,data/segmented/data/drive/id_109_media-1723458528488-Aug_12_2024_12_28.jpg,data/segmented/data/TAMPAR/id_23_20230523_172835.jpg
train,data/segmented/data/drive/id_109_media-1723458528488-Aug_12_2024_12_28.jpg,data/segmented/data/drive/id_109_media-1723458312354-Aug_12_2024_12_23.jpg,data/segmented/data/TAMPAR/id_04_20230523_162648.jpg
train,data/segmented/data/drive/id_109_media-1723458528488-Aug_12_2024_12_28(1).jpg,data/segmented/data/drive/id_109_media-1723458312354-Aug_12_2024_12_23.jpg,data/segmented/data/drive/id_101_IMG_4765.jpg
train,data/segmented/data/drive/id_109_media-1723458312354-Aug_12_2024_12_23.jpg,data/segmented/data/drive/id_109_media-1723458528488-Aug_12_2024_12_28(1).jpg,data/segmented/data/TAMPAR/id_20_20230523_172400.jpg
train,data/segmented/data/drive/id_109_media-1723458528488-Aug_12_2024_12_28.jpg,data/segmented/data/drive/id_109_media-1723458312354-Aug_12_2024_12_23.jpg,data/segmented/data/TAMPAR/id_15_20230524_104304.jpg
train,data/segmented/data/drive/id_109_media-1723458528488-Aug_12_2024_12_28.jpg,data/segmented/data/drive/id_109_media-1723458528488-Aug_12_2024_12_28(1).jpg,data/segmented/data/TAMPAR/id_13_20230523_191746.jpg
train,data/segmented/data/drive/id_109_media-1723458528488-Aug_12_2024_12_28(1).jpg,data/segmented/data/drive/id_109_media-1723458312354-Aug_12_2024_12_23.jpg,data/segmented/data/drive/id_106_IMG_20251020_141617_BURST4.jpg
train,data/segmented/data/drive/id_109_media-1723458312354-Aug_12_2024_12_23.jpg,data/segmented/data/drive/id_109_media-1723458528488-Aug_12_2024_12_28(1).jpg,data/segmented/data/TAMPAR/id_23_20230523_191640.jpg
train,data/segmented/data/drive/id_109_media-1723458528488-Aug_12_2024_12_28.jpg,data/segmented/data/drive/id_109_media-1723458312354-Aug_12_2024_12_23.jpg,data/segmented/data/TAMPAR/id_17_20230524_102223.jpg
train,data/segmented/data/drive/id_109_media-1723458312354-Aug_12_2024_12_23.jpg,data/segmented/data/drive/id_109_media-1723458528488-Aug_12_2024_12_28(1).jpg,data/segmented/data/TAMPAR/id_05_20230523_160617.jpg
train,data/segmented/data/drive/id_100_20251105_165608.jpg,data/segmented/data/drive/id_100_20251105_165650.jpg,data/segmented/data/TAMPAR/id_11_20230524_102952.jpg
train,data/segmented/data/drive/id_100_20251105_165644.jpg,data/segmented/data/drive/id_100_20251105_165626.jpg,data/segmented/data/TAMPAR/id_22_20230524_102307.jpg
train,data/segmented/data/drive/id_100_20251105_165619.jpg,data/segmented/data/drive/id_100_20251105_165639.jpg,data/segmented/data/TAMPAR/id_18_20230524_104603.jpg
train,data/segmented/data/drive/id_100_20251105_165626.jpg,data/segmented/data/drive/id_100_20251105_165619.jpg,data/segmented/data/drive/id_104_IMG_20240813_161024_675.jpg
train,data/segmented/data/drive/id_100_20251105_165633.jpg,data/segmented/data/drive/id_100_20251105_165659.jpg,data/segmented/data/TAMPAR/id_00_20230523_155059.jpg
train,data/segmented/data/drive/id_100_20251105_165644.jpg,data/segmented/data/drive/id_100_20251105_165608.jpg,data/segmented/data/TAMPAR/id_16_20230524_101640.jpg
train,data/segmented/data/drive/id_100_20251105_165650.jpg,data/segmented/data/drive/id_100_20251105_165600.jpg,data/segmented/data/TAMPAR/id_01_20230523_155239.jpg
train,data/segmented/data/drive/id_100_20251105_165600.jpg,data/segmented/data/drive/id_100_20251105_165654.jpg,data/segmented/data/TAMPAR/id_19_20230523_172924.jpg
train,data/segmented/data/drive/id_100_20251105_165600.jpg,data/segmented/data/drive/id_100_20251105_165639.jpg,data/segmented/data/TAMPAR/id_26_20230524_104342.jpg
train,data/segmented/data/drive/id_100_20251105_165626.jpg,data/segmented/data/drive/id_100_20251105_165650.jpg,data/segmented/data/drive/id_501_IMG_3887.jpg
test,data/segmented/data/drive/id_104_IMG_20240828_171313_366.jpg,data/segmented/data/drive/id_104_IMG_20240813_161024_675.jpg,data/segmented/data/TAMPAR/id_27_20230523_190700.jpg
test,data/segmented/data/drive/id_104_IMG_20240813_161028_783.jpg,data/segmented/data/drive/id_104_IMG_20240813_161024_675.jpg,data/segmented/data/TAMPAR/id_25_20230524_102048.jpg
test,data/segmented/data/drive/id_104_IMG_20240813_161024_675.jpg,data/segmented/data/drive/id_104_IMG_20240813_161028_783.jpg,data/segmented/data/TAMPAR/id_22_20230524_102311.jpg
test,data/segmented/data/drive/id_104_IMG_20240813_161024_675.jpg,data/segmented/data/drive/id_104_IMG_20240828_171313_366.jpg,data/segmented/data/TAMPAR/id_02_20230523_162836.jpg
test,data/segmented/data/drive/id_104_IMG_20240828_171313_366.jpg,data/segmented/data/drive/id_104_IMG_20240813_161024_675.jpg,data/segmented/data/drive/id_107_PXL_20251027_125725204.jpg
test,data/segmented/data/drive/id_104_IMG_20240813_161028_783.jpg,data/segmented/data/drive/id_104_IMG_20240813_161024_675.jpg,data/segmented/data/TAMPAR/id_02_20230523_141508.jpg
test,data/segmented/data/drive/id_104_IMG_20240813_161028_783.jpg,data/segmented/data/drive/id_104_IMG_20240813_161024_675.jpg,data/segmented/data/TAMPAR/id_07_20230523_155527.jpg
test,data/segmented/data/drive/id_104_IMG_20240828_171313_366.jpg,data/segmented/data/drive/id_104_IMG_20240813_161028_783.jpg,data/segmented/data/TAMPAR/id_20_20230523_172418.jpg
test,data/segmented/data/drive/id_104_IMG_20240813_161028_783.jpg,data/segmented/data/drive/id_104_IMG_20240828_171313_366.jpg,data/segmented/data/TAMPAR/id_00_20230516_141303.jpg
test,data/segmented/data/drive/id_104_IMG_20240813_161024_675.jpg,data/segmented/data/drive/id_104_IMG_20240828_171313_366.jpg,data/segmented/data/TAMPAR/id_27_20230524_102339.jpg
train,data/segmented/data/drive/id_106_IMG_20251020_141617_BURST16.jpg,data/segmented/data/drive/id_106_IMG_20251020_141624_BURST8.jpg,data/segmented/data/TAMPAR/id_20_20230523_172432.jpg
train,data/segmented/data/drive/id_106_IMG_20251020_141624_BURST14.jpg,data/segmented/data/drive/id_106_IMG_20251020_141624_BURST10.jpg,data/segmented/data/TAMPAR/id_03_20230523_141809.jpg
train,data/segmented/data/drive/id_106_IMG_20251020_141617_BURST10.jpg,data/segmented/data/drive/id_106_IMG_20251020_141630_BURST15.jpg,data/segmented/data/TAMPAR/id_24_20230523_185543.jpg
train,data/segmented/data/drive/id_106_IMG_20251020_141630_BURST19.jpg,data/segmented/data/drive/id_106_IMG_20251020_141624_BURST9.jpg,data/segmented/data/drive/id_501_IMG_3888.jpg
train,data/segmented/data/drive/id_106_IMG_20251020_141617_BURST18.jpg,data/segmented/data/drive/id_106_IMG_20251020_141630_BURST17.jpg,data/segmented/data/TAMPAR/id_25_20230523_172610.jpg
train,data/segmented/data/drive/id_106_IMG_20251020_141630_BURST13.jpg,data/segmented/data/drive/id_106_IMG_20251020_141617_BURST4.jpg,data/segmented/data/TAMPAR/id_04_20230523_162648.jpg
train,data/segmented/data/drive/id_106_IMG_20251020_141624_BURST13.jpg,data/segmented/data/drive/id_106_IMG_20251020_141624_BURST7.jpg,data/segmented/data/drive/id_101_IMG_4764.jpg
train,data/segmented/data/drive/id_106_IMG_20251020_141624_BURST16.jpg,data/segmented/data/drive/id_106_IMG_20251020_141617_BURST15.jpg,data/segmented/data/TAMPAR/id_29_20230524_100201.jpg
train,data/segmented/data/drive/id_106_IMG_20251020_141624_BURST3.jpg,data/segmented/data/drive/id_106_IMG_20251020_141617_BURST17.jpg,data/segmented/data/TAMPAR/id_29_20230524_104052.jpg
train,data/segmented/data/drive/id_106_IMG_20251020_141630_BURST20.jpg,data/segmented/data/drive/id_106_IMG_20251020_141617_BURST16.jpg,data/segmented/data/drive/id_503_IMG_20251024_172916104.jpg
train,data/segmented/data/drive/id_110_signal-2024-08-12-12-08-03-175(1).jpg,data/segmented/data/drive/id_110_signal-2024-08-12-12-08-03-175.jpg,data/segmented/data/drive/id_101_IMG_5521.jpg
train,data/segmented/data/drive/id_110_signal-2024-08-12-12-08-03-175(1).jpg,data/segmented/data/drive/id_110_signal-2024-08-12-12-08-03-175.jpg,data/segmented/data/TAMPAR/id_11_20230524_104429.jpg
train,data/segmented/data/drive/id_110_IMG_20251012_154929_884.jpg,data/segmented/data/drive/id_110_signal-2024-08-12-12-08-03-175.jpg,data/segmented/data/TAMPAR/id_00_20230523_160547.jpg
train,data/segmented/data/drive/id_110_signal-2024-08-12-12-08-03-175.jpg,data/segmented/data/drive/id_110_IMG_20251012_154929_884.jpg,data/segmented/data/TAMPAR/id_05_20230523_155759.jpg
train,data/segmented/data/drive/id_110_signal-2024-08-12-12-08-03-175.jpg,data/segmented/data/drive/id_110_media-1724403493628-Aug_22_2024_11_21.jpg,data/segmented/data/TAMPAR/id_20_20230523_191454.jpg
train,data/segmented/data/drive/id_110_signal-2024-08-12-12-08-03-175(1).jpg,data/segmented/data/drive/id_110_IMG_20251012_154929_884.jpg,data/segmented/data/drive/id_108_IMG_20251012_154929_892.jpg
train,data/segmented/data/drive/id_110_signal-2024-08-12-12-08-03-175(1).jpg,data/segmented/data/drive/id_110_signal-2024-08-12-12-08-03-175.jpg,data/segmented/data/TAMPAR/id_12_20230524_095705.jpg
train,data/segmented/data/drive/id_110_IMG_20251012_154929_884.jpg,data/segmented/data/drive/id_110_signal-2024-08-12-12-08-03-175.jpg,data/segmented/data/TAMPAR/id_27_20230524_100042.jpg
train,data/segmented/data/drive/id_110_media-1724403493628-Aug_22_2024_11_21.jpg,data/segmented/data/drive/id_110_signal-2024-08-12-12-08-03-175(1).jpg,data/segmented/data/TAMPAR/id_21_20230523_171817.jpg
train,data/segmented/data/drive/id_110_signal-2024-08-12-12-08-03-175.jpg,data/segmented/data/drive/id_110_media-1724403493628-Aug_22_2024_11_21.jpg,data/segmented/data/drive/id_501_IMG_3901.jpg
train,data/segmented/data/drive/id_101_IMG_4762.jpg,data/segmented/data/drive/id_101_IMG_5523.jpg,data/segmented/data/drive/id_502_IMG_20251025_183604546.jpg
train,data/segmented/data/drive/id_101_IMG_5521.jpg,data/segmented/data/drive/id_101_IMG_4765.jpg,data/segmented/data/drive/id_501_IMG_3889(1).jpg
train,data/segmented/data/drive/id_101_IMG_5527.jpg,data/segmented/data/drive/id_101_IMG_4762.jpg,data/segmented/data/TAMPAR/id_28_20230524_105024.jpg
train,data/segmented/data/drive/id_101_IMG_4765.jpg,data/segmented/data/drive/id_101_IMG_5525.jpg,data/segmented/data/TAMPAR/id_22_20230524_104140.jpg
train,data/segmented/data/drive/id_101_IMG_4775.jpg,data/segmented/data/drive/id_101_IMG_5527.jpg,data/segmented/data/TAMPAR/id_14_20230523_185752.jpg
train,data/segmented/data/drive/id_101_IMG_4764.jpg,data/segmented/data/drive/id_101_IMG_5527.jpg,data/segmented/data/drive/id_106_IMG_20251020_141617_BURST18.jpg
train,data/segmented/data/drive/id_101_IMG_4775.jpg,data/segmented/data/drive/id_101_IMG_5527.jpg,data/segmented/data/TAMPAR/id_07_20230523_160825.jpg
train,data/segmented/data/drive/id_101_IMG_4762.jpg,data/segmented/data/drive/id_101_IMG_4765.jpg,data/segmented/data/TAMPAR/id_16_20230524_100618.jpg
train,data/segmented/data/drive/id_101_IMG_4774.jpg,data/segmented/data/drive/id_101_IMG_5521.jpg,data/segmented/data/TAMPAR/id_14_20230524_102008.jpg
train,data/segmented/data/drive/id_101_IMG_4765.jpg,data/segmented/data/drive/id_101_IMG_5525.jpg,data/segmented/data/drive/id_106_IMG_20251020_141624_BURST15.jpg
train,data/segmented/data/drive/id_108_IMG_20251012_154929_892.jpg,data/segmented/data/drive/id_108_IMG_20251012_154930_216.jpg,data/segmented/data/TAMPAR/id_27_20230523_172652.jpg
train,data/segmented/data/drive/id_108_IMG_20251012_154916_139.jpg,data/segmented/data/drive/id_108_IMG_20251012_154930_216.jpg,data/segmented/data/TAMPAR/id_21_20230523_185004.jpg
train,data/segmented/data/drive/id_108_IMG_20251012_154930_216.jpg,data/segmented/data/drive/id_108_IMG_20251012_154929_892.jpg,data/segmented/data/TAMPAR/id_10_20230524_102515.jpg
train,data/segmented/data/drive/id_108_IMG_20251012_154929_892.jpg,data/segmented/data/drive/id_108_IMG_20251012_154930_216.jpg,data/segmented/data/TAMPAR/id_17_20230523_171358.jpg
train,data/segmented/data/drive/id_108_IMG_20251012_154916_139.jpg,data/segmented/data/drive/id_108_IMG_20251012_154930_216.jpg,data/segmented/data/TAMPAR/id_01_20230523_155249.jpg
train,data/segmented/data/drive/id_108_IMG_20251012_154930_188.jpg,data/segmented/data/drive/id_108_IMG_20251012_154929_892.jpg,data/segmented/data/TAMPAR/id_16_20230523_191422.jpg
train,data/segmented/data/drive/id_108_IMG_20251012_154930_216.jpg,data/segmented/data/drive/id_108_IMG_20251012_154930_188.jpg,data/segmented/data/TAMPAR/id_07_20230523_162526.jpg
train,data/segmented/data/drive/id_108_IMG_20251012_154929_892.jpg,data/segmented/data/drive/id_108_IMG_20251012_154930_188.jpg,data/segmented/data/TAMPAR/id_14_20230524_101945.jpg
train,data/segmented/data/drive/id_108_IMG_20251012_154916_139.jpg,data/segmented/data/drive/id_108_IMG_20251012_154929_892.jpg,data/segmented/data/TAMPAR/id_07_20230523_162542.jpg
train,data/segmented/data/drive/id_108_IMG_20251012_154929_892.jpg,data/segmented/data/drive/id_108_IMG_20251012_154930_188.jpg,data/segmented/data/TAMPAR/id_03_20230523_155712.jpg
test,data/segmented/data/TAMPAR/id_29_20230524_104116.jpg,data/segmented/data/TAMPAR/id_29_20230523_171245.jpg,data/segmented/data/TAMPAR/id_23_20230524_100840.jpg
test,data/segmented/data/TAMPAR/id_29_20230524_101718.jpg,data/segmented/data/TAMPAR/id_29_20230523_185205.jpg,data/segmented/data/TAMPAR/id_20_20230523_172429.jpg
test,data/segmented/data/TAMPAR/id_29_20230524_104100.jpg,data/segmented/data/TAMPAR/id_29_20230524_101714.jpg,data/segmented/data/TAMPAR/id_14_20230524_101959.jpg
test,data/segmented/data/TAMPAR/id_29_20230523_171256.jpg,data/segmented/data/TAMPAR/id_29_20230524_100139.jpg,data/segmented/data/TAMPAR/id_18_20230524_101820.jpg
test,data/segmented/data/TAMPAR/id_29_20230523_171324.jpg,data/segmented/data/TAMPAR/id_29_20230524_104104.jpg,data/segmented/data/TAMPAR/id_19_20230523_191612.jpg
test,data/segmented/data/TAMPAR/id_29_20230523_191806.jpg,data/segmented/data/TAMPAR/id_29_20230524_101714.jpg,data/segmented/data/TAMPAR/id_01_20230523_160447.jpg
test,data/segmented/data/TAMPAR/id_29_20230523_191833.jpg,data/segmented/data/TAMPAR/id_29_20230523_191802.jpg,data/segmented/data/TAMPAR/id_25_20230524_102024.jpg
test,data/segmented/data/TAMPAR/id_29_20230524_100155.jpg,data/segmented/data/TAMPAR/id_29_20230524_101722.jpg,data/segmented/data/TAMPAR/id_22_20230524_102318.jpg
test,data/segmented/data/TAMPAR/id_29_20230524_104109.jpg,data/segmented/data/TAMPAR/id_29_20230524_104100.jpg,data/segmented/data/TAMPAR/id_03_20230523_160706.jpg
test,data/segmented/data/TAMPAR/id_29_20230524_101718.jpg,data/segmented/data/TAMPAR/id_29_20230523_191806.jpg,data/segmented/data/drive/id_501_IMG_3892.jpg
test,data/segmented/data/TAMPAR/id_23_20230523_172850.jpg,data/segmented/data/TAMPAR/id_23_20230523_191636.jpg,data/segmented/data/drive/id_106_IMG_20251020_141630_BURST17.jpg
test,data/segmented/data/TAMPAR/id_23_20230523_191640.jpg,data/segmented/data/TAMPAR/id_23_20230524_103813.jpg,data/segmented/data/TAMPAR/id_11_20230523_185941.jpg
test,data/segmented/data/TAMPAR/id_23_20230524_102734.jpg,data/segmented/data/TAMPAR/id_23_20230523_172832.jpg,data/segmented/data/TAMPAR/id_07_20230523_160813.jpg
test,data/segmented/data/TAMPAR/id_23_20230524_100836.jpg,data/segmented/data/TAMPAR/id_23_20230524_103817.jpg,data/segmented/data/TAMPAR/id_22_20230524_102311.jpg
test,data/segmented/data/TAMPAR/id_23_20230523_191631.jpg,data/segmented/data/TAMPAR/id_23_20230523_191636.jpg,data/segmented/data/TAMPAR/id_25_20230523_172610.jpg
test,data/segmented/data/TAMPAR/id_23_20230524_103813.jpg,data/segmented/data/TAMPAR/id_23_20230524_102703.jpg,data/segmented/data/drive/id_121_IMG_0704.jpg
test,data/segmented/data/TAMPAR/id_23_20230524_103817.jpg,data/segmented/data/TAMPAR/id_23_20230524_100901.jpg,data/segmented/data/drive/id_103_IMG_20251017_145010.jpg
test,data/segmented/data/TAMPAR/id_23_20230523_191631.jpg,data/segmented/data/TAMPAR/id_23_20230524_100912.jpg,data/segmented/data/TAMPAR/id_27_20230524_100035.jpg
test,data/segmented/data/TAMPAR/id_23_20230524_103817.jpg,data/segmented/data/TAMPAR/id_23_20230523_191706.jpg,data/segmented/data/TAMPAR/id_17_20230523_171402.jpg
test,data/segmented/data/TAMPAR/id_23_20230524_100836.jpg,data/segmented/data/TAMPAR/id_23_20230524_103821.jpg,data/segmented/data/TAMPAR/id_28_20230524_102142.jpg
train,data/segmented/data/TAMPAR/id_12_20230524_102110.jpg,data/segmented/data/TAMPAR/id_12_20230524_103646.jpg,data/segmented/data/TAMPAR/id_03_20230523_141745.jpg
train,data/segmented/data/TAMPAR/id_12_20230524_103646.jpg,data/segmented/data/TAMPAR/id_12_20230523_171540.jpg,data/segmented/data/TAMPAR/id_10_20230523_192010.jpg
train,data/segmented/data/TAMPAR/id_12_20230523_185412.jpg,data/segmented/data/TAMPAR/id_12_20230524_102113.jpg,data/segmented/data/drive/id_106_IMG_20251020_141624_BURST13.jpg
train,data/segmented/data/TAMPAR/id_12_20230523_191111.jpg,data/segmented/data/TAMPAR/id_12_20230524_103659.jpg,data/segmented/data/TAMPAR/id_09_20230523_141336.jpg
train,data/segmented/data/TAMPAR/id_12_20230524_102103.jpg,data/segmented/data/TAMPAR/id_12_20230524_103634.jpg,data/segmented/data/TAMPAR/id_18_20230523_191038.jpg
train,data/segmented/data/TAMPAR/id_12_20230524_102113.jpg,data/segmented/data/TAMPAR/id_12_20230523_185403.jpg,data/segmented/data/TAMPAR/id_19_20230523_191612.jpg
train,data/segmented/data/TAMPAR/id_12_20230524_103655.jpg,data/segmented/data/TAMPAR/id_12_20230524_102110.jpg,data/segmented/data/TAMPAR/id_05_20230523_160620.jpg
train,data/segmented/data/TAMPAR/id_12_20230524_103642.jpg,data/segmented/data/TAMPAR/id_12_20230523_171540.jpg,data/segmented/data/TAMPAR/id_13_20230523_191736.jpg
train,data/segmented/data/TAMPAR/id_12_20230523_171611.jpg,data/segmented/data/TAMPAR/id_12_20230524_103634.jpg,data/segmented/data/TAMPAR/id_01_20230523_160430.jpg
train,data/segmented/data/TAMPAR/id_12_20230524_103630.jpg,data/segmented/data/TAMPAR/id_12_20230523_185356.jpg,data/segmented/data/TAMPAR/id_20_20230524_100733.jpg
validation,data/segmented/data/TAMPAR/id_03_20230523_162905.jpg,data/segmented/data/TAMPAR/id_03_20230523_141745.jpg,data/segmented/data/drive/id_122_IMG_0707.jpg
validation,data/segmented/data/TAMPAR/id_03_20230523_155655.jpg,data/segmented/data/TAMPAR/id_03_20230523_141758.jpg,data/segmented/data/TAMPAR/id_17_20230523_171416.jpg
validation,data/segmented/data/TAMPAR/id_03_20230523_155646.jpg,data/segmented/data/TAMPAR/id_03_20230523_155651.jpg,data/segmented/data/TAMPAR/id_16_20230524_100618.jpg
validation,data/segmented/data/TAMPAR/id_03_20230523_141745.jpg,data/segmented/data/TAMPAR/id_03_20230523_162930.jpg,data/segmented/data/TAMPAR/id_15_20230524_104304.jpg
validation,data/segmented/data/TAMPAR/id_03_20230523_141758.jpg,data/segmented/data/TAMPAR/id_03_20230523_155726.jpg,data/segmented/data/TAMPAR/id_09_20230523_141336.jpg
validation,data/segmented/data/TAMPAR/id_03_20230523_155646.jpg,data/segmented/data/TAMPAR/id_03_20230523_162910.jpg,data/segmented/data/TAMPAR/id_19_20230524_103916.jpg
validation,data/segmented/data/TAMPAR/id_03_20230523_155712.jpg,data/segmented/data/TAMPAR/id_03_20230523_141804.jpg,data/segmented/data/drive/id_107_PXL_20251027_125722695.jpg
validation,data/segmented/data/TAMPAR/id_03_20230523_162920.jpg,data/segmented/data/TAMPAR/id_03_20230523_155640.jpg,data/segmented/data/TAMPAR/id_20_20230524_105155.jpg
validation,data/segmented/data/TAMPAR/id_03_20230523_160643.jpg,data/segmented/data/TAMPAR/id_03_20230523_160646.jpg,data/segmented/data/TAMPAR/id_04_20230523_162627.jpg
validation,data/segmented/data/TAMPAR/id_03_20230523_160650.jpg,data/segmented/data/TAMPAR/id_03_20230523_160701.jpg,data/segmented/data/TAMPAR/id_13_20230524_100328.jpg
validation,data/segmented/data/TAMPAR/id_15_20230524_101917.jpg,data/segmented/data/TAMPAR/id_15_20230523_171906.jpg,data/segmented/data/TAMPAR/id_08_20230523_160316.jpg
validation,data/segmented/data/TAMPAR/id_15_20230523_190721.jpg,data/segmented/data/TAMPAR/id_15_20230524_104314.jpg,data/segmented/data/TAMPAR/id_28_20230523_172201.jpg
validation,data/segmented/data/TAMPAR/id_15_20230523_171906.jpg,data/segmented/data/TAMPAR/id_15_20230524_101907.jpg,data/segmented/data/TAMPAR/id_23_20230524_103800.jpg
validation,data/segmented/data/TAMPAR/id_15_20230523_185431.jpg,data/segmented/data/TAMPAR/id_15_20230524_101912.jpg,data/segmented/data/TAMPAR/id_02_20230523_160402.jpg
validation,data/segmented/data/TAMPAR/id_15_20230523_171925.jpg,data/segmented/data/TAMPAR/id_15_20230524_101900.jpg,data/segmented/data/TAMPAR/id_28_20230523_172148.jpg
validation,data/segmented/data/TAMPAR/id_15_20230523_171917.jpg,data/segmented/data/TAMPAR/id_15_20230524_101917.jpg,data/segmented/data/drive/id_502_IMG_20251025_183532793.jpg
validation,data/segmented/data/TAMPAR/id_15_20230524_095948.jpg,data/segmented/data/TAMPAR/id_15_20230523_185428.jpg,data/segmented/data/drive/id_502_IMG_20251025_183502583.jpg
validation,data/segmented/data/TAMPAR/id_15_20230524_101900.jpg,data/segmented/data/TAMPAR/id_15_20230523_190726.jpg,data/segmented/data/TAMPAR/id_22_20230523_190814.jpg
validation,data/segmented/data/TAMPAR/id_15_20230524_095928.jpg,data/segmented/data/TAMPAR/id_15_20230524_104317.jpg,data/segmented/data/TAMPAR/id_20_20230524_105147.jpg
validation,data/segmented/data/TAMPAR/id_15_20230524_101855.jpg,data/segmented/data/TAMPAR/id_15_20230524_104326.jpg,data/segmented/data/TAMPAR/id_22_20230523_185328.jpg
train,data/segmented/data/TAMPAR/id_10_20230523_185505.jpg,data/segmented/data/TAMPAR/id_10_20230523_185502.jpg,data/segmented/data/TAMPAR/id_24_20230524_104713.jpg
train,data/segmented/data/TAMPAR/id_10_20230524_100239.jpg,data/segmented/data/TAMPAR/id_10_20230524_104524.jpg,data/segmented/data/TAMPAR/id_04_20230523_160738.jpg
train,data/segmented/data/TAMPAR/id_10_20230524_102512.jpg,data/segmented/data/TAMPAR/id_10_20230524_104512.jpg,data/segmented/data/TAMPAR/id_29_20230524_100205.jpg
train,data/segmented/data/TAMPAR/id_10_20230523_192018.jpg,data/segmented/data/TAMPAR/id_10_20230524_102523.jpg,data/segmented/data/TAMPAR/id_07_20230523_155510.jpg
train,data/segmented/data/TAMPAR/id_10_20230523_185512.jpg,data/segmented/data/TAMPAR/id_10_20230523_192014.jpg,data/segmented/data/TAMPAR/id_14_20230523_172517.jpg
train,data/segmented/data/TAMPAR/id_10_20230523_192021.jpg,data/segmented/data/TAMPAR/id_10_20230524_100232.jpg,data/segmented/data/drive/id_106_IMG_20251020_141617_BURST9.jpg
train,data/segmented/data/TAMPAR/id_10_20230523_192014.jpg,data/segmented/data/TAMPAR/id_10_20230523_172737.jpg,data/segmented/data/TAMPAR/id_29_20230524_100139.jpg
train,data/segmented/data/TAMPAR/id_10_20230523_172734.jpg,data/segmented/data/TAMPAR/id_10_20230523_185459.jpg,data/segmented/data/TAMPAR/id_06_20230523_162700.jpg
train,data/segmented/data/TAMPAR/id_10_20230523_172759.jpg,data/segmented/data/TAMPAR/id_10_20230524_102523.jpg,data/segmented/data/TAMPAR/id_25_20230524_100551.jpg
train,data/segmented/data/TAMPAR/id_10_20230524_102515.jpg,data/segmented/data/TAMPAR/id_10_20230523_172759.jpg,data/segmented/data/TAMPAR/id_14_20230523_172532.jpg
train,data/segmented/data/TAMPAR/id_21_20230524_104753.jpg,data/segmented/data/TAMPAR/id_21_20230524_100805.jpg,data/segmented/data/TAMPAR/id_28_20230523_190034.jpg
train,data/segmented/data/TAMPAR/id_21_20230524_104756.jpg,data/segmented/data/TAMPAR/id_21_20230523_171822.jpg,data/segmented/data/drive/id_106_IMG_20251020_141624_BURST16.jpg
train,data/segmented/data/TAMPAR/id_21_20230523_190905.jpg,data/segmented/data/TAMPAR/id_21_20230523_185013.jpg,data/segmented/data/drive/id_101_IMG_4775.jpg
train,data/segmented/data/TAMPAR/id_21_20230523_190905.jpg,data/segmented/data/TAMPAR/id_21_20230524_102541.jpg,data/segmented/data/TAMPAR/id_16_20230524_101630.jpg
train,data/segmented/data/TAMPAR/id_21_20230523_184951.jpg,data/segmented/data/TAMPAR/id_21_20230524_104817.jpg,data/segmented/data/TAMPAR/id_14_20230524_102005.jpg
train,data/segmented/data/TAMPAR/id_21_20230524_102556.jpg,data/segmented/data/TAMPAR/id_21_20230524_100801.jpg,data/segmented/data/drive/id_106_IMG_20251020_141630_BURST15.jpg
train,data/segmented/data/TAMPAR/id_21_20230524_100753.jpg,data/segmented/data/TAMPAR/id_21_20230524_104807.jpg,data/segmented/data/TAMPAR/id_03_20230523_141753.jpg
train,data/segmented/data/TAMPAR/id_21_20230523_171814.jpg,data/segmented/data/TAMPAR/id_21_20230523_171817.jpg,data/segmented/data/TAMPAR/id_06_20230523_141714.jpg
train,data/segmented/data/TAMPAR/id_21_20230523_184948.jpg,data/segmented/data/TAMPAR/id_21_20230524_104802.jpg,data/segmented/data/TAMPAR/id_19_20230524_100947.jpg
train,data/segmented/data/TAMPAR/id_21_20230524_102541.jpg,data/segmented/data/TAMPAR/id_21_20230524_102553.jpg,data/segmented/data/TAMPAR/id_07_20230523_141632.jpg
test,data/segmented/data/TAMPAR/id_00_20230523_155133.jpg,data/segmented/data/TAMPAR/id_00_20230516_141321.jpg,data/segmented/data/TAMPAR/id_16_20230523_191418.jpg
test,data/segmented/data/TAMPAR/id_00_20230523_155115.jpg,data/segmented/data/TAMPAR/id_00_20230523_162408.jpg,data/segmented/data/drive/id_104_IMG_20240828_171313_366.jpg
test,data/segmented/data/TAMPAR/id_00_20230523_160547.jpg,data/segmented/data/TAMPAR/id_00_20230512_102328.jpg,data/segmented/data/TAMPAR/id_15_20230523_185428.jpg
test,data/segmented/data/TAMPAR/id_00_20230523_162403.jpg,data/segmented/data/TAMPAR/id_00_20230516_141354.jpg,data/segmented/data/TAMPAR/id_25_20230524_100540.jpg
test,data/segmented/data/TAMPAR/id_00_20230523_155122.jpg,data/segmented/data/TAMPAR/id_00_20230523_160538.jpg,data/segmented/data/TAMPAR/id_27_20230524_102330.jpg
test,data/segmented/data/TAMPAR/id_00_20230523_155115.jpg,data/segmented/data/TAMPAR/id_00_20230516_141321.jpg,data/segmented/data/TAMPAR/id_29_20230524_100146.jpg
test,data/segmented/data/TAMPAR/id_00_20230512_102313.jpg,data/segmented/data/TAMPAR/id_00_20230523_162403.jpg,data/segmented/data/TAMPAR/id_15_20230524_101926.jpg
test,data/segmented/data/TAMPAR/id_00_20230512_102428.jpg,data/segmented/data/TAMPAR/id_00_20230512_102353.jpg,data/segmented/data/TAMPAR/id_27_20230524_100032.jpg
test,data/segmented/data/TAMPAR/id_00_20230516_141303.jpg,data/segmented/data/TAMPAR/id_00_20230516_141314.jpg,data/segmented/data/TAMPAR/id_23_20230524_100906.jpg
test,data/segmented/data/TAMPAR/id_00_20230516_141401.jpg,data/segmented/data/TAMPAR/id_00_20230516_141309.jpg,data/segmented/data/TAMPAR/id_11_20230524_102935.jpg
validation,data/segmented/data/TAMPAR/id_27_20230524_102346.jpg,data/segmented/data/TAMPAR/id_27_20230524_104006.jpg,data/segmented/data/TAMPAR/id_08_20230523_141122.jpg
validation,data/segmented/data/TAMPAR/id_27_20230524_102346.jpg,data/segmented/data/TAMPAR/id_27_20230524_100035.jpg,data/segmented/data/TAMPAR/id_15_20230523_171910.jpg
validation,data/segmented/data/TAMPAR/id_27_20230523_190645.jpg,data/segmented/data/TAMPAR/id_27_20230524_102343.jpg,data/segmented/data/TAMPAR/id_26_20230524_102850.jpg
validation,data/segmented/data/TAMPAR/id_27_20230523_190700.jpg,data/segmented/data/TAMPAR/id_27_20230524_102330.jpg,data/segmented/data/TAMPAR/id_14_20230524_100415.jpg
validation,data/segmented/data/TAMPAR/id_27_20230524_103945.jpg,data/segmented/data/TAMPAR/id_27_20230523_190648.jpg,data/segmented/data/TAMPAR/id_07_20230523_162535.jpg
validation,data/segmented/data/TAMPAR/id_27_20230523_190645.jpg,data/segmented/data/TAMPAR/id_27_20230524_100016.jpg,data/segmented/data/TAMPAR/id_28_20230523_190016.jpg
validation,data/segmented/data/TAMPAR/id_27_20230524_100042.jpg,data/segmented/data/TAMPAR/id_27_20230523_172649.jpg,data/segmented/data/TAMPAR/id_07_20230523_141624.jpg
validation,data/segmented/data/TAMPAR/id_27_20230524_103945.jpg,data/segmented/data/TAMPAR/id_27_20230524_100016.jpg,data/segmented/data/TAMPAR/id_22_20230524_104158.jpg
validation,data/segmented/data/TAMPAR/id_27_20230524_102343.jpg,data/segmented/data/TAMPAR/id_27_20230523_190709.jpg,data/segmented/data/TAMPAR/id_04_20230523_141248.jpg
validation,data/segmented/data/TAMPAR/id_27_20230524_103937.jpg,data/segmented/data/TAMPAR/id_27_20230523_172714.jpg,data/segmented/data/drive/id_107_PXL_20251027_125708485.jpg
validation,data/segmented/data/TAMPAR/id_09_20230523_160846.jpg,data/segmented/data/TAMPAR/id_09_20230523_141320.jpg,data/segmented/data/TAMPAR/id_04_20230523_160721.jpg
validation,data/segmented/data/TAMPAR/id_09_20230523_160846.jpg,data/segmented/data/TAMPAR/id_09_20230523_160914.jpg,data/segmented/data/TAMPAR/id_03_20230523_160657.jpg
validation,data/segmented/data/TAMPAR/id_09_20230523_162800.jpg,data/segmented/data/TAMPAR/id_09_20230523_162748.jpg,data/segmented/data/drive/id_106_IMG_20251020_141624_BURST11.jpg
validation,data/segmented/data/TAMPAR/id_09_20230523_162800.jpg,data/segmented/data/TAMPAR/id_09_20230523_162743.jpg,data/segmented/data/TAMPAR/id_18_20230523_185619.jpg
validation,data/segmented/data/TAMPAR/id_09_20230523_160906.jpg,data/segmented/data/TAMPAR/id_09_20230523_160854.jpg,data/segmented/data/TAMPAR/id_22_20230524_100511.jpg
validation,data/segmented/data/TAMPAR/id_09_20230523_141308.jpg,data/segmented/data/TAMPAR/id_09_20230523_162804.jpg,data/segmented/data/TAMPAR/id_21_20230524_104802.jpg
validation,data/segmented/data/TAMPAR/id_09_20230523_141315.jpg,data/segmented/data/TAMPAR/id_09_20230523_162804.jpg,data/segmented/data/TAMPAR/id_25_20230523_191847.jpg
validation,data/segmented/data/TAMPAR/id_09_20230523_160903.jpg,data/segmented/data/TAMPAR/id_09_20230523_160851.jpg,data/segmented/data/TAMPAR/id_21_20230524_100805.jpg
validation,data/segmented/data/TAMPAR/id_09_20230523_162752.jpg,data/segmented/data/TAMPAR/id_09_20230523_141336.jpg,data/segmented/data/TAMPAR/id_13_20230523_172017.jpg
validation,data/segmented/data/TAMPAR/id_09_20230523_155428.jpg,data/segmented/data/TAMPAR/id_09_20230523_160911.jpg,data/segmented/data/TAMPAR/id_15_20230524_095953.jpg
train,data/segmented/data/TAMPAR/id_16_20230524_101633.jpg,data/segmented/data/TAMPAR/id_16_20230523_185740.jpg,data/segmented/data/TAMPAR/id_06_20230523_162703.jpg
train,data/segmented/data/TAMPAR/id_16_20230524_100628.jpg,data/segmented/data/TAMPAR/id_16_20230524_100622.jpg,data/segmented/data/TAMPAR/id_14_20230524_105051.jpg
train,data/segmented/data/TAMPAR/id_16_20230524_104237.jpg,data/segmented/data/TAMPAR/id_16_20230524_101643.jpg,data/segmented/data/TAMPAR/id_29_20230523_191811.jpg
train,data/segmented/data/TAMPAR/id_16_20230524_104219.jpg,data/segmented/data/TAMPAR/id_16_20230524_100628.jpg,data/segmented/data/drive/id_106_IMG_20251020_141630_BURST9.jpg
train,data/segmented/data/TAMPAR/id_16_20230524_100635.jpg,data/segmented/data/TAMPAR/id_16_20230524_101633.jpg,data/segmented/data/TAMPAR/id_04_20230523_160731.jpg
train,data/segmented/data/TAMPAR/id_16_20230524_104216.jpg,data/segmented/data/TAMPAR/id_16_20230523_172113.jpg,data/segmented/data/TAMPAR/id_11_20230523_191332.jpg
train,data/segmented/data/TAMPAR/id_16_20230524_101627.jpg,data/segmented/data/TAMPAR/id_16_20230523_185722.jpg,data/segmented/data/TAMPAR/id_13_20230523_185246.jpg
train,data/segmented/data/TAMPAR/id_16_20230524_104241.jpg,data/segmented/data/TAMPAR/id_16_20230524_100632.jpg,data/segmented/data/TAMPAR/id_27_20230524_103941.jpg
train,data/segmented/data/TAMPAR/id_16_20230524_100622.jpg,data/segmented/data/TAMPAR/id_16_20230523_191418.jpg,data/segmented/data/drive/id_103_IMG_20251017_144950.jpg
train,data/segmented/data/TAMPAR/id_16_20230523_185740.jpg,data/segmented/data/TAMPAR/id_16_20230523_191418.jpg,data/segmented/data/TAMPAR/id_27_20230523_172655.jpg
train,data/segmented/data/TAMPAR/id_05_20230523_162249.jpg,data/segmented/data/TAMPAR/id_05_20230523_162240.jpg,data/segmented/data/drive/id_106_IMG_20251020_141630_BURST4.jpg
train,data/segmented/data/TAMPAR/id_05_20230523_141405.jpg,data/segmented/data/TAMPAR/id_05_20230523_160628.jpg,data/segmented/data/TAMPAR/id_28_20230524_095815.jpg
train,data/segmented/data/TAMPAR/id_05_20230523_162302.jpg,data/segmented/data/TAMPAR/id_05_20230523_141428.jpg,data/segmented/data/TAMPAR/id_23_20230523_172839.jpg
train,data/segmented/data/TAMPAR/id_05_20230523_160628.jpg,data/segmented/data/TAMPAR/id_05_20230523_141405.jpg,data/segmented/data/TAMPAR/id_16_20230524_104219.jpg
train,data/segmented/data/TAMPAR/id_05_20230523_155751.jpg,data/segmented/data/TAMPAR/id_05_20230523_155759.jpg,data/segmented/data/TAMPAR/id_16_20230524_104241.jpg
train,data/segmented/data/TAMPAR/id_05_20230523_160620.jpg,data/segmented/data/TAMPAR/id_05_20230523_162219.jpg,data/segmented/data/TAMPAR/id_23_20230523_172856.jpg
train,data/segmented/data/TAMPAR/id_05_20230523_141434.jpg,data/segmented/data/TAMPAR/id_05_20230523_160611.jpg,data/segmented/data/TAMPAR/id_14_20230523_172514.jpg
train,data/segmented/data/TAMPAR/id_05_20230523_160617.jpg,data/segmented/data/TAMPAR/id_05_20230523_155748.jpg,data/segmented/data/TAMPAR/id_17_20230524_102218.jpg
train,data/segmented/data/TAMPAR/id_05_20230523_141408.jpg,data/segmented/data/TAMPAR/id_05_20230523_160611.jpg,data/segmented/data/drive/id_502_IMG_20251025_183338742.jpg
train,data/segmented/data/TAMPAR/id_05_20230523_155809.jpg,data/segmented/data/TAMPAR/id_05_20230523_141358.jpg,data/segmented/data/TAMPAR/id_26_20230524_102912.jpg
test,data/segmented/data/TAMPAR/id_07_20230523_162542.jpg,data/segmented/data/TAMPAR/id_07_20230523_155457.jpg,data/segmented/data/TAMPAR/id_04_20230523_141218.jpg
test,data/segmented/data/TAMPAR/id_07_20230523_141635.jpg,data/segmented/data/TAMPAR/id_07_20230523_162523.jpg,data/segmented/data/TAMPAR/id_24_20230524_101756.jpg
test,data/segmented/data/TAMPAR/id_07_20230523_162542.jpg,data/segmented/data/TAMPAR/id_07_20230523_141628.jpg,data/segmented/data/TAMPAR/id_05_20230523_162219.jpg
test,data/segmented/data/TAMPAR/id_07_20230523_155521.jpg,data/segmented/data/TAMPAR/id_07_20230523_141600.jpg,data/segmented/data/TAMPAR/id_25_20230523_172559.jpg
test,data/segmented/data/TAMPAR/id_07_20230523_162542.jpg,data/segmented/data/TAMPAR/id_07_20230523_162519.jpg,data/segmented/data/TAMPAR/id_10_20230523_185517.jpg
test,data/segmented/data/TAMPAR/id_07_20230523_160832.jpg,data/segmented/data/TAMPAR/id_07_20230523_160818.jpg,data/segmented/data/TAMPAR/id_26_20230523_172238.jpg
test,data/segmented/data/TAMPAR/id_07_20230523_162519.jpg,data/segmented/data/TAMPAR/id_07_20230523_160818.jpg,data/segmented/data/TAMPAR/id_00_20230516_141309.jpg
test,data/segmented/data/TAMPAR/id_07_20230523_160813.jpg,data/segmented/data/TAMPAR/id_07_20230523_155521.jpg,data/segmented/data/TAMPAR/id_14_20230523_191152.jpg
test,data/segmented/data/TAMPAR/id_07_20230523_160822.jpg,data/segmented/data/TAMPAR/id_07_20230523_141632.jpg,data/segmented/data/TAMPAR/id_10_20230523_172740.jpg
test,data/segmented/data/TAMPAR/id_07_20230523_141624.jpg,data/segmented/data/TAMPAR/id_07_20230523_141635.jpg,data/segmented/data/drive/id_503_IMG_20251024_173255607.jpg
train,data/segmented/data/TAMPAR/id_26_20230524_101134.jpg,data/segmented/data/TAMPAR/id_26_20230524_102908.jpg,data/segmented/data/TAMPAR/id_27_20230524_103941.jpg
train,data/segmented/data/TAMPAR/id_26_20230524_102904.jpg,data/segmented/data/TAMPAR/id_26_20230523_185044.jpg,data/segmented/data/TAMPAR/id_25_20230523_191911.jpg
train,data/segmented/data/TAMPAR/id_26_20230523_172252.jpg,data/segmented/data/TAMPAR/id_26_20230523_172241.jpg,data/segmented/data/TAMPAR/id_12_20230523_171545.jpg
train,data/segmented/data/TAMPAR/id_26_20230523_191303.jpg,data/segmented/data/TAMPAR/id_26_20230524_104339.jpg,data/segmented/data/TAMPAR/id_14_20230524_105047.jpg
train,data/segmented/data/TAMPAR/id_26_20230524_104339.jpg,data/segmented/data/TAMPAR/id_26_20230524_104407.jpg,data/segmented/data/TAMPAR/id_14_20230523_191204.jpg
train,data/segmented/data/TAMPAR/id_26_20230523_191258.jpg,data/segmented/data/TAMPAR/id_26_20230524_104350.jpg,data/segmented/data/TAMPAR/id_24_20230524_101750.jpg
train,data/segmented/data/TAMPAR/id_26_20230524_101106.jpg,data/segmented/data/TAMPAR/id_26_20230523_172256.jpg,data/segmented/data/TAMPAR/id_18_20230523_171749.jpg
train,data/segmented/data/TAMPAR/id_26_20230524_101126.jpg,data/segmented/data/TAMPAR/id_26_20230523_185025.jpg,data/segmented/data/TAMPAR/id_02_20230523_155200.jpg
train,data/segmented/data/TAMPAR/id_26_20230523_191258.jpg,data/segmented/data/TAMPAR/id_26_20230524_102912.jpg,data/segmented/data/drive/id_107_PXL_20251027_125656688.jpg
train,data/segmented/data/TAMPAR/id_26_20230524_104350.jpg,data/segmented/data/TAMPAR/id_26_20230524_102900.jpg,data/segmented/data/TAMPAR/id_27_20230523_185122.jpg
validation,data/segmented/data/TAMPAR/id_11_20230523_185941.jpg,data/segmented/data/TAMPAR/id_11_20230523_191326.jpg,data/segmented/data/TAMPAR/id_08_20230523_141151.jpg
validation,data/segmented/data/TAMPAR/id_11_20230523_191344.jpg,data/segmented/data/TAMPAR/id_11_20230524_102935.jpg,data/segmented/data/TAMPAR/id_13_20230524_100340.jpg
validation,data/segmented/data/TAMPAR/id_11_20230523_191335.jpg,data/segmented/data/TAMPAR/id_11_20230523_185930.jpg,data/segmented/data/TAMPAR/id_18_20230523_185616.jpg
validation,data/segmented/data/TAMPAR/id_11_20230523_185949.jpg,data/segmented/data/TAMPAR/id_11_20230524_104453.jpg,data/segmented/data/TAMPAR/id_10_20230523_172734.jpg
validation,data/segmented/data/TAMPAR/id_11_20230523_191332.jpg,data/segmented/data/TAMPAR/id_11_20230523_171500.jpg,data/segmented/data/drive/id_502_IMG_20251025_183549791.jpg
validation,data/segmented/data/TAMPAR/id_11_20230524_102947.jpg,data/segmented/data/TAMPAR/id_11_20230524_101044.jpg,data/segmented/data/TAMPAR/id_16_20230524_101630.jpg
validation,data/segmented/data/TAMPAR/id_11_20230524_104443.jpg,data/segmented/data/TAMPAR/id_11_20230524_101052.jpg,data/segmented/data/TAMPAR/id_09_20230523_162807.jpg
validation,data/segmented/data/TAMPAR/id_11_20230523_191344.jpg,data/segmented/data/TAMPAR/id_11_20230524_101022.jpg,data/segmented/data/TAMPAR/id_00_20230516_141321.jpg
validation,data/segmented/data/TAMPAR/id_11_20230524_102959.jpg,data/segmented/data/TAMPAR/id_11_20230524_102939.jpg,data/segmented/data/drive/id_103_IMG_20251017_145042(1).jpg
validation,data/segmented/data/TAMPAR/id_11_20230524_101035.jpg,data/segmented/data/TAMPAR/id_11_20230523_191326.jpg,data/segmented/data/TAMPAR/id_22_20230523_172313.jpg
train,data/segmented/data/TAMPAR/id_25_20230524_100551.jpg,data/segmented/data/TAMPAR/id_25_20230524_102032.jpg,data/segmented/data/TAMPAR/id_22_20230524_104205.jpg
train,data/segmented/data/TAMPAR/id_25_20230524_102048.jpg,data/segmented/data/TAMPAR/id_25_20230524_104637.jpg,data/segmented/data/TAMPAR/id_21_20230524_102553.jpg
train,data/segmented/data/TAMPAR/id_25_20230523_172550.jpg,data/segmented/data/TAMPAR/id_25_20230524_100551.jpg,data/segmented/data/drive/id_501_IMG_3889.jpg
train,data/segmented/data/TAMPAR/id_25_20230524_100558.jpg,data/segmented/data/TAMPAR/id_25_20230524_104641.jpg,data/segmented/data/TAMPAR/id_06_20230523_160243.jpg
train,data/segmented/data/TAMPAR/id_25_20230523_172555.jpg,data/segmented/data/TAMPAR/id_25_20230524_104650.jpg,data/segmented/data/TAMPAR/id_20_20230524_102643.jpg
train,data/segmented/data/TAMPAR/id_25_20230523_191855.jpg,data/segmented/data/TAMPAR/id_25_20230524_104646.jpg,data/segmented/data/TAMPAR/id_22_20230523_185328.jpg
train,data/segmented/data/TAMPAR/id_25_20230524_102024.jpg,data/segmented/data/TAMPAR/id_25_20230523_172550.jpg,data/segmented/data/TAMPAR/id_23_20230524_100840.jpg
train,data/segmented/data/TAMPAR/id_25_20230523_185653.jpg,data/segmented/data/TAMPAR/id_25_20230523_185647.jpg,data/segmented/data/TAMPAR/id_20_20230523_185855.jpg
train,data/segmented/data/TAMPAR/id_25_20230523_191847.jpg,data/segmented/data/TAMPAR/id_25_20230523_172559.jpg,data/segmented/data/TAMPAR/id_05_20230523_141420.jpg
train,data/segmented/data/TAMPAR/id_25_20230524_102032.jpg,data/segmented/data/TAMPAR/id_25_20230524_104641.jpg,data/segmented/data/drive/id_503_IMG_20251024_172954204.jpg
train,data/segmented/data/TAMPAR/id_14_20230523_172505.jpg,data/segmented/data/TAMPAR/id_14_20230524_101956.jpg,data/segmented/data/TAMPAR/id_28_20230523_190627.jpg
train,data/segmented/data/TAMPAR/id_14_20230523_185802.jpg,data/segmented/data/TAMPAR/id_14_20230524_105047.jpg,data/segmented/data/TAMPAR/id_23_20230523_172828.jpg
train,data/segmented/data/TAMPAR/id_14_20230524_101956.jpg,data/segmented/data/TAMPAR/id_14_20230523_185821.jpg,data/segmented/data/TAMPAR/id_10_20230524_100246.jpg
train,data/segmented/data/TAMPAR/id_14_20230524_100411.jpg,data/segmented/data/TAMPAR/id_14_20230523_185821.jpg,data/segmented/data/TAMPAR/id_03_20230523_162930.jpg
train,data/segmented/data/TAMPAR/id_14_20230524_105047.jpg,data/segmented/data/TAMPAR/id_14_20230523_191208.jpg,data/segmented/data/TAMPAR/id_21_20230523_171840.jpg
train,data/segmented/data/TAMPAR/id_14_20230523_172509.jpg,data/segmented/data/TAMPAR/id_14_20230524_100358.jpg,data/segmented/data/TAMPAR/id_28_20230523_190016.jpg
train,data/segmented/data/TAMPAR/id_14_20230524_105109.jpg,data/segmented/data/TAMPAR/id_14_20230524_105114.jpg,data/segmented/data/drive/id_103_IMG_20251017_145042(1).jpg
train,data/segmented/data/TAMPAR/id_14_20230524_100427.jpg,data/segmented/data/TAMPAR/id_14_20230523_185802.jpg,data/segmented/data/TAMPAR/id_18_20230523_171725.jpg
train,data/segmented/data/TAMPAR/id_14_20230523_191152.jpg,data/segmented/data/TAMPAR/id_14_20230524_105051.jpg,data/segmented/data/TAMPAR/id_13_20230524_100328.jpg
train,data/segmented/data/TAMPAR/id_14_20230523_185752.jpg,data/segmented/data/TAMPAR/id_14_20230523_172457.jpg,data/segmented/data/TAMPAR/id_00_20230523_160547.jpg
train,data/segmented/data/TAMPAR/id_08_20230523_141122.jpg,data/segmented/data/TAMPAR/id_08_20230523_141132.jpg,data/segmented/data/TAMPAR/id_26_20230523_185025.jpg
train,data/segmented/data/TAMPAR/id_08_20230523_162602.jpg,data/segmented/data/TAMPAR/id_08_20230523_162606.jpg,data/segmented/data/TAMPAR/id_06_20230523_162714.jpg
train,data/segmented/data/TAMPAR/id_08_20230523_141136.jpg,data/segmented/data/TAMPAR/id_08_20230523_155330.jpg,data/segmented/data/TAMPAR/id_21_20230524_102548.jpg
train,data/segmented/data/TAMPAR/id_08_20230523_141128.jpg,data/segmented/data/TAMPAR/id_08_20230523_160341.jpg,data/segmented/data/TAMPAR/id_16_20230524_104223.jpg
train,data/segmented/data/TAMPAR/id_08_20230523_141122.jpg,data/segmented/data/TAMPAR/id_08_20230523_155346.jpg,data/segmented/data/TAMPAR/id_21_20230524_104753.jpg
train,data/segmented/data/TAMPAR/id_08_20230523_160323.jpg,data/segmented/data/TAMPAR/id_08_20230523_155340.jpg,data/segmented/data/TAMPAR/id_29_20230523_171249.jpg
train,data/segmented/data/TAMPAR/id_08_20230523_141157.jpg,data/segmented/data/TAMPAR/id_08_20230523_141132.jpg,data/segmented/data/TAMPAR/id_27_20230524_100022.jpg
train,data/segmented/data/TAMPAR/id_08_20230523_162556.jpg,data/segmented/data/TAMPAR/id_08_20230523_162616.jpg,data/segmented/data/TAMPAR/id_10_20230524_100246.jpg
train,data/segmented/data/TAMPAR/id_08_20230523_141151.jpg,data/segmented/data/TAMPAR/id_08_20230523_155333.jpg,data/segmented/data/TAMPAR/id_01_20230523_160447.jpg
train,data/segmented/data/TAMPAR/id_08_20230523_141128.jpg,data/segmented/data/TAMPAR/id_08_20230523_155352.jpg,data/segmented/data/TAMPAR/id_07_20230523_160829.jpg
train,data/segmented/data/TAMPAR/id_17_20230523_190953.jpg,data/segmented/data/TAMPAR/id_17_20230524_102229.jpg,data/segmented/data/TAMPAR/id_28_20230523_172201.jpg
train,data/segmented/data/TAMPAR/id_17_20230523_185153.jpg,data/segmented/data/TAMPAR/id_17_20230523_190926.jpg,data/segmented/data/TAMPAR/id_15_20230524_095935.jpg
train,data/segmented/data/TAMPAR/id_17_20230524_104036.jpg,data/segmented/data/TAMPAR/id_17_20230524_095738.jpg,data/segmented/data/TAMPAR/id_05_20230523_160611.jpg
train,data/segmented/data/TAMPAR/id_17_20230523_185149.jpg,data/segmented/data/TAMPAR/id_17_20230524_102229.jpg,data/segmented/data/TAMPAR/id_11_20230523_185930.jpg
train,data/segmented/data/TAMPAR/id_17_20230523_185157.jpg,data/segmented/data/TAMPAR/id_17_20230524_102226.jpg,data/segmented/data/TAMPAR/id_03_20230523_162914.jpg
train,data/segmented/data/TAMPAR/id_17_20230523_190921.jpg,data/segmented/data/TAMPAR/id_17_20230524_095744.jpg,data/segmented/data/TAMPAR/id_15_20230523_185449.jpg
train,data/segmented/data/TAMPAR/id_17_20230524_104018.jpg,data/segmented/data/TAMPAR/id_17_20230523_171402.jpg,data/segmented/data/TAMPAR/id_20_20230523_172425.jpg
train,data/segmented/data/TAMPAR/id_17_20230523_190953.jpg,data/segmented/data/TAMPAR/id_17_20230524_095747.jpg,data/segmented/data/TAMPAR/id_26_20230524_104346.jpg
train,data/segmented/data/TAMPAR/id_17_20230523_190921.jpg,data/segmented/data/TAMPAR/id_17_20230524_104029.jpg,data/segmented/data/TAMPAR/id_02_20230523_160355.jpg
train,data/segmented/data/TAMPAR/id_17_20230523_171416.jpg,data/segmented/data/TAMPAR/id_17_20230524_104022.jpg,data/segmented/data/TAMPAR/id_09_20230523_141325.jpg
train,data/segmented/data/TAMPAR/id_06_20230523_141719.jpg,data/segmented/data/TAMPAR/id_06_20230523_141659.jpg,data/segmented/data/TAMPAR/id_08_20230523_141148.jpg
train,data/segmented/data/TAMPAR/id_06_20230523_141714.jpg,data/segmented/data/TAMPAR/id_06_20230523_155305.jpg,data/segmented/data/TAMPAR/id_28_20230524_102203.jpg
train,data/segmented/data/TAMPAR/id_06_20230523_162700.jpg,data/segmented/data/TAMPAR/id_06_20230523_141714.jpg,data/segmented/data/drive/id_108_IMG_20251012_154916_139.jpg
train,data/segmented/data/TAMPAR/id_06_20230523_160253.jpg,data/segmented/data/TAMPAR/id_06_20230523_162714.jpg,data/segmented/data/drive/id_501_IMG_3885.jpg
train,data/segmented/data/TAMPAR/id_06_20230523_160305.jpg,data/segmented/data/TAMPAR/id_06_20230523_160308.jpg,data/segmented/data/TAMPAR/id_01_20230523_155239.jpg
train,data/segmented/data/TAMPAR/id_06_20230523_162709.jpg,data/segmented/data/TAMPAR/id_06_20230523_160301.jpg,data/segmented/data/TAMPAR/id_27_20230523_190651.jpg
train,data/segmented/data/TAMPAR/id_06_20230523_162728.jpg,data/segmented/data/TAMPAR/id_06_20230523_155309.jpg,data/segmented/data/TAMPAR/id_01_20230523_160440.jpg
train,data/segmented/data/TAMPAR/id_06_20230523_160249.jpg,data/segmented/data/TAMPAR/id_06_20230523_141649.jpg,data/segmented/data/drive/id_502_IMG_20251025_183616484.jpg
train,data/segmented/data/TAMPAR/id_06_20230523_155309.jpg,data/segmented/data/TAMPAR/id_06_20230523_141714.jpg,data/segmented/data/drive/id_103_IMG_20251017_144942.jpg
train,data/segmented/data/TAMPAR/id_06_20230523_162731.jpg,data/segmented/data/TAMPAR/id_06_20230523_160243.jpg,data/segmented/data/TAMPAR/id_05_20230523_162229.jpg
train,data/segmented/data/TAMPAR/id_18_20230523_191024.jpg,data/segmented/data/TAMPAR/id_18_20230524_104542.jpg,data/segmented/data/drive/id_502_IMG_20251025_183458624.jpg
train,data/segmented/data/TAMPAR/id_18_20230523_191020.jpg,data/segmented/data/TAMPAR/id_18_20230523_171722.jpg,data/segmented/data/TAMPAR/id_21_20230523_171810.jpg
train,data/segmented/data/TAMPAR/id_18_20230524_101840.jpg,data/segmented/data/TAMPAR/id_18_20230523_171734.jpg,data/segmented/data/TAMPAR/id_17_20230524_102223.jpg
train,data/segmented/data/TAMPAR/id_18_20230524_104600.jpg,data/segmented/data/TAMPAR/id_18_20230523_171749.jpg,data/segmented/data/TAMPAR/id_03_20230523_141739.jpg
train,data/segmented/data/TAMPAR/id_18_20230524_101827.jpg,data/segmented/data/TAMPAR/id_18_20230524_104553.jpg,data/segmented/data/TAMPAR/id_00_20230523_160538.jpg
train,data/segmented/data/TAMPAR/id_18_20230524_104547.jpg,data/segmented/data/TAMPAR/id_18_20230523_191034.jpg,data/segmented/data/drive/id_107_PXL_20251027_125725204.jpg
train,data/segmented/data/TAMPAR/id_18_20230523_191042.jpg,data/segmented/data/TAMPAR/id_18_20230524_101820.jpg,data/segmented/data/drive/id_503_IMG_20251024_172841379.jpg
train,data/segmented/data/TAMPAR/id_18_20230523_185632.jpg,data/segmented/data/TAMPAR/id_18_20230523_171722.jpg,data/segmented/data/TAMPAR/id_16_20230524_100622.jpg
train,data/segmented/data/TAMPAR/id_18_20230523_191024.jpg,data/segmented/data/TAMPAR/id_18_20230523_185613.jpg,data/segmented/data/TAMPAR/id_27_20230524_102336.jpg
train,data/segmented/data/TAMPAR/id_18_20230524_104542.jpg,data/segmented/data/TAMPAR/id_18_20230523_191038.jpg,data/segmented/data/TAMPAR/id_04_20230523_141223.jpg
train,data/segmented/data/TAMPAR/id_24_20230523_171647.jpg,data/segmented/data/TAMPAR/id_24_20230523_171700.jpg,data/segmented/data/TAMPAR/id_15_20230523_185440.jpg
train,data/segmented/data/TAMPAR/id_24_20230524_101750.jpg,data/segmented/data/TAMPAR/id_24_20230524_100115.jpg,data/segmented/data/TAMPAR/id_16_20230523_185737.jpg
train,data/segmented/data/TAMPAR/id_24_20230524_104720.jpg,data/segmented/data/TAMPAR/id_24_20230523_185601.jpg,data/segmented/data/TAMPAR/id_23_20230524_102716.jpg
train,data/segmented/data/TAMPAR/id_24_20230523_191942.jpg,data/segmented/data/TAMPAR/id_24_20230524_104727.jpg,data/segmented/data/TAMPAR/id_19_20230524_102806.jpg
train,data/segmented/data/TAMPAR/id_24_20230524_104710.jpg,data/segmented/data/TAMPAR/id_24_20230523_171651.jpg,data/segmented/data/TAMPAR/id_09_20230523_160851.jpg
train,data/segmented/data/TAMPAR/id_24_20230524_104727.jpg,data/segmented/data/TAMPAR/id_24_20230523_185601.jpg,data/segmented/data/drive/id_106_IMG_20251020_141617_BURST19.jpg
train,data/segmented/data/TAMPAR/id_24_20230524_104710.jpg,data/segmented/data/TAMPAR/id_24_20230524_101750.jpg,data/segmented/data/drive/id_106_IMG_20251020_141617_BURST5.jpg
train,data/segmented/data/TAMPAR/id_24_20230524_100058.jpg,data/segmented/data/TAMPAR/id_24_20230523_191938.jpg,data/segmented/data/drive/id_503_IMG_20251024_172826651.jpg
train,data/segmented/data/TAMPAR/id_24_20230524_100058.jpg,data/segmented/data/TAMPAR/id_24_20230524_104706.jpg,data/segmented/data/drive/id_503_IMG_20251024_173129905.jpg
train,data/segmented/data/TAMPAR/id_24_20230523_171633.jpg,data/segmented/data/TAMPAR/id_24_20230524_104717.jpg,data/segmented/data/TAMPAR/id_25_20230523_191858.jpg
train,data/segmented/data/TAMPAR/id_02_20230523_162836.jpg,data/segmented/data/TAMPAR/id_02_20230523_155203.jpg,data/segmented/data/TAMPAR/id_26_20230524_104342.jpg
train,data/segmented/data/TAMPAR/id_02_20230523_162844.jpg,data/segmented/data/TAMPAR/id_02_20230523_162840.jpg,data/segmented/data/TAMPAR/id_20_20230524_105151.jpg
train,data/segmented/data/TAMPAR/id_02_20230523_160414.jpg,data/segmented/data/TAMPAR/id_02_20230523_155203.jpg,data/segmented/data/TAMPAR/id_20_20230524_100706.jpg
train,data/segmented/data/TAMPAR/id_02_20230523_162840.jpg,data/segmented/data/TAMPAR/id_02_20230523_160355.jpg,data/segmented/data/drive/id_106_IMG_20251020_141617_BURST20.jpg
train,data/segmented/data/TAMPAR/id_02_20230523_141508.jpg,data/segmented/data/TAMPAR/id_02_20230523_155152.jpg,data/segmented/data/TAMPAR/id_20_20230524_100724.jpg
train,data/segmented/data/TAMPAR/id_02_20230523_162836.jpg,data/segmented/data/TAMPAR/id_02_20230523_141515.jpg,data/segmented/data/TAMPAR/id_19_20230524_103849.jpg
train,data/segmented/data/TAMPAR/id_02_20230523_160423.jpg,data/segmented/data/TAMPAR/id_02_20230523_155203.jpg,data/segmented/data/TAMPAR/id_11_20230524_104429.jpg
train,data/segmented/data/TAMPAR/id_02_20230523_141534.jpg,data/segmented/data/TAMPAR/id_02_20230523_141508.jpg,data/segmented/data/TAMPAR/id_10_20230523_192031.jpg
train,data/segmented/data/TAMPAR/id_02_20230523_162825.jpg,data/segmented/data/TAMPAR/id_02_20230523_155155.jpg,data/segmented/data/TAMPAR/id_15_20230524_104255.jpg
train,data/segmented/data/TAMPAR/id_02_20230523_162825.jpg,data/segmented/data/TAMPAR/id_02_20230523_160423.jpg,data/segmented/data/TAMPAR/id_11_20230524_102939.jpg
train,data/segmented/data/TAMPAR/id_22_20230523_185321.jpg,data/segmented/data/TAMPAR/id_22_20230524_104158.jpg,data/segmented/data/TAMPAR/id_00_20230523_155106.jpg
train,data/segmented/data/TAMPAR/id_22_20230523_190759.jpg,data/segmented/data/TAMPAR/id_22_20230523_172336.jpg,data/segmented/data/drive/id_103_IMG_20251017_145049.jpg
train,data/segmented/data/TAMPAR/id_22_20230524_104202.jpg,data/segmented/data/TAMPAR/id_22_20230523_172342.jpg,data/segmented/data/TAMPAR/id_10_20230523_172734.jpg
train,data/segmented/data/TAMPAR/id_22_20230523_185331.jpg,data/segmented/data/TAMPAR/id_22_20230523_185342.jpg,data/segmented/data/drive/id_106_IMG_20251020_141630_BURST8.jpg
train,data/segmented/data/TAMPAR/id_22_20230524_104145.jpg,data/segmented/data/TAMPAR/id_22_20230524_102303.jpg,data/segmented/data/TAMPAR/id_17_20230523_171358.jpg
train,data/segmented/data/TAMPAR/id_22_20230523_185321.jpg,data/segmented/data/TAMPAR/id_22_20230524_102303.jpg,data/segmented/data/TAMPAR/id_15_20230523_190734.jpg
train,data/segmented/data/TAMPAR/id_22_20230523_190810.jpg,data/segmented/data/TAMPAR/id_22_20230524_104140.jpg,data/segmented/data/TAMPAR/id_11_20230523_185937.jpg
train,data/segmented/data/TAMPAR/id_22_20230523_185328.jpg,data/segmented/data/TAMPAR/id_22_20230524_104140.jpg,data/segmented/data/drive/id_106_IMG_20251020_141617_BURST11.jpg
train,data/segmented/data/TAMPAR/id_22_20230524_100451.jpg,data/segmented/data/TAMPAR/id_22_20230523_185335.jpg,data/segmented/data/drive/id_106_IMG_20251020_141624_BURST16.jpg
train,data/segmented/data/TAMPAR/id_22_20230523_190823.jpg,data/segmented/data/TAMPAR/id_22_20230524_102255.jpg,data/segmented/data/TAMPAR/id_13_20230524_102435.jpg
validation,data/segmented/data/TAMPAR/id_04_20230523_160750.jpg,data/segmented/data/TAMPAR/id_04_20230523_155551.jpg,data/segmented/data/drive/id_503_IMG_20251024_172833986.jpg
validation,data/segmented/data/TAMPAR/id_04_20230523_162636.jpg,data/segmented/data/TAMPAR/id_04_20230523_155605.jpg,data/segmented/data/TAMPAR/id_11_20230523_171432.jpg
validation,data/segmented/data/TAMPAR/id_04_20230523_155609.jpg,data/segmented/data/TAMPAR/id_04_20230523_141236.jpg,data/segmented/data/TAMPAR/id_28_20230523_190616.jpg
validation,data/segmented/data/TAMPAR/id_04_20230523_160742.jpg,data/segmented/data/TAMPAR/id_04_20230523_162633.jpg,data/segmented/data/TAMPAR/id_07_20230523_162523.jpg
validation,data/segmented/data/TAMPAR/id_04_20230523_160738.jpg,data/segmented/data/TAMPAR/id_04_20230523_160734.jpg,data/segmented/data/TAMPAR/id_12_20230524_102110.jpg
validation,data/segmented/data/TAMPAR/id_04_20230523_162648.jpg,data/segmented/data/TAMPAR/id_04_20230523_155553.jpg,data/segmented/data/TAMPAR/id_11_20230524_102943.jpg
validation,data/segmented/data/TAMPAR/id_04_20230523_141229.jpg,data/segmented/data/TAMPAR/id_04_20230523_141236.jpg,data/segmented/data/TAMPAR/id_14_20230524_101952.jpg
validation,data/segmented/data/TAMPAR/id_04_20230523_141218.jpg,data/segmented/data/TAMPAR/id_04_20230523_162630.jpg,data/segmented/data/drive/id_503_IMG_20251024_172837371.jpg
validation,data/segmented/data/TAMPAR/id_04_20230523_141248.jpg,data/segmented/data/TAMPAR/id_04_20230523_162648.jpg,data/segmented/data/TAMPAR/id_23_20230524_100918.jpg
validation,data/segmented/data/TAMPAR/id_04_20230523_160728.jpg,data/segmented/data/TAMPAR/id_04_20230523_160742.jpg,data/segmented/data/TAMPAR/id_12_20230524_102113.jpg
train,data/segmented/data/TAMPAR/id_20_20230524_105155.jpg,data/segmented/data/TAMPAR/id_20_20230524_102643.jpg,data/segmented/data/TAMPAR/id_07_20230523_160813.jpg
train,data/segmented/data/TAMPAR/id_20_20230523_185907.jpg,data/segmented/data/TAMPAR/id_20_20230524_102632.jpg,data/segmented/data/TAMPAR/id_14_20230523_185812.jpg
train,data/segmented/data/TAMPAR/id_20_20230523_185907.jpg,data/segmented/data/TAMPAR/id_20_20230524_100720.jpg,data/segmented/data/TAMPAR/id_26_20230524_102912.jpg
train,data/segmented/data/TAMPAR/id_20_20230524_105200.jpg,data/segmented/data/TAMPAR/id_20_20230523_172400.jpg,data/segmented/data/TAMPAR/id_13_20230524_102415.jpg
train,data/segmented/data/TAMPAR/id_20_20230524_100733.jpg,data/segmented/data/TAMPAR/id_20_20230523_172356.jpg,data/segmented/data/TAMPAR/id_05_20230523_162258.jpg
train,data/segmented/data/TAMPAR/id_20_20230524_100710.jpg,data/segmented/data/TAMPAR/id_20_20230523_172408.jpg,data/segmented/data/TAMPAR/id_24_20230523_171644.jpg
train,data/segmented/data/TAMPAR/id_20_20230523_185907.jpg,data/segmented/data/TAMPAR/id_20_20230523_172415.jpg,data/segmented/data/TAMPAR/id_00_20230523_160547.jpg
train,data/segmented/data/TAMPAR/id_20_20230523_172408.jpg,data/segmented/data/TAMPAR/id_20_20230524_105147.jpg,data/segmented/data/TAMPAR/id_28_20230523_172205.jpg
train,data/segmented/data/TAMPAR/id_20_20230524_102632.jpg,data/segmented/data/TAMPAR/id_20_20230523_191458.jpg,data/segmented/data/TAMPAR/id_08_20230523_160316.jpg
train,data/segmented/data/TAMPAR/id_20_20230524_100701.jpg,data/segmented/data/TAMPAR/id_20_20230523_172429.jpg,data/segmented/data/TAMPAR/id_01_20230523_162507.jpg
train,data/segmented/data/TAMPAR/id_28_20230523_190023.jpg,data/segmented/data/TAMPAR/id_28_20230523_190034.jpg,data/segmented/data/TAMPAR/id_29_20230523_191820.jpg
train,data/segmented/data/TAMPAR/id_28_20230523_172141.jpg,data/segmented/data/TAMPAR/id_28_20230524_095815.jpg,data/segmented/data/TAMPAR/id_19_20230524_102754.jpg
train,data/segmented/data/TAMPAR/id_28_20230524_102149.jpg,data/segmented/data/TAMPAR/id_28_20230523_190016.jpg,data/segmented/data/TAMPAR/id_09_20230523_141336.jpg
train,data/segmented/data/TAMPAR/id_28_20230524_095815.jpg,data/segmented/data/TAMPAR/id_28_20230524_102153.jpg,data/segmented/data/TAMPAR/id_04_20230523_155605.jpg
train,data/segmented/data/TAMPAR/id_28_20230524_102146.jpg,data/segmented/data/TAMPAR/id_28_20230524_105011.jpg,data/segmented/data/TAMPAR/id_05_20230523_141358.jpg
train,data/segmented/data/TAMPAR/id_28_20230524_102206.jpg,data/segmented/data/TAMPAR/id_28_20230524_102153.jpg,data/segmented/data/TAMPAR/id_06_20230523_155323.jpg
train,data/segmented/data/TAMPAR/id_28_20230523_190627.jpg,data/segmented/data/TAMPAR/id_28_20230523_190622.jpg,data/segmented/data/TAMPAR/id_26_20230523_185040.jpg
train,data/segmented/data/TAMPAR/id_28_20230524_105020.jpg,data/segmented/data/TAMPAR/id_28_20230524_102206.jpg,data/segmented/data/TAMPAR/id_20_20230524_105143.jpg
train,data/segmented/data/TAMPAR/id_28_20230524_095821.jpg,data/segmented/data/TAMPAR/id_28_20230524_095815.jpg,data/segmented/data/TAMPAR/id_24_20230523_185535.jpg
train,data/segmented/data/TAMPAR/id_28_20230524_102206.jpg,data/segmented/data/TAMPAR/id_28_20230523_190009.jpg,data/segmented/data/TAMPAR/id_29_20230524_100155.jpg
test,data/segmented/data/TAMPAR/id_19_20230523_172928.jpg,data/segmented/data/TAMPAR/id_19_20230524_100954.jpg,data/segmented/data/drive/id_503_IMG_20251024_172941692.jpg
test,data/segmented/data/TAMPAR/id_19_20230523_191548.jpg,data/segmented/data/TAMPAR/id_19_20230524_100947.jpg,data/segmented/data/TAMPAR/id_21_20230523_171837.jpg
test,data/segmented/data/TAMPAR/id_19_20230524_102824.jpg,data/segmented/data/TAMPAR/id_19_20230523_191602.jpg,data/segmented/data/TAMPAR/id_20_20230523_172415.jpg
test,data/segmented/data/TAMPAR/id_19_20230523_172931.jpg,data/segmented/data/TAMPAR/id_19_20230523_190141.jpg,data/segmented/data/TAMPAR/id_15_20230523_185431.jpg
test,data/segmented/data/TAMPAR/id_19_20230523_190150.jpg,data/segmented/data/TAMPAR/id_19_20230523_172931.jpg,data/segmented/data/TAMPAR/id_26_20230524_104407.jpg
test,data/segmented/data/TAMPAR/id_19_20230523_172924.jpg,data/segmented/data/TAMPAR/id_19_20230523_190141.jpg,data/segmented/data/TAMPAR/id_11_20230523_185941.jpg
test,data/segmented/data/TAMPAR/id_19_20230523_191552.jpg,data/segmented/data/TAMPAR/id_19_20230523_190155.jpg,data/segmented/data/TAMPAR/id_09_20230523_155424.jpg
test,data/segmented/data/TAMPAR/id_19_20230523_191548.jpg,data/segmented/data/TAMPAR/id_19_20230524_102754.jpg,data/segmented/data/TAMPAR/id_21_20230523_171837.jpg
test,data/segmented/data/TAMPAR/id_19_20230523_172916.jpg,data/segmented/data/TAMPAR/id_19_20230523_190141.jpg,data/segmented/data/drive/id_100_20251105_165619.jpg
test,data/segmented/data/TAMPAR/id_19_20230523_172950.jpg,data/segmented/data/TAMPAR/id_19_20230523_172935.jpg,data/segmented/data/TAMPAR/id_08_20230523_141151.jpg
train,data/segmented/data/TAMPAR/id_01_20230516_142642.jpg,data/segmented/data/TAMPAR/id_01_20230516_142051.jpg,data/segmented/data/TAMPAR/id_19_20230523_191552.jpg
train,data/segmented/data/TAMPAR/id_01_20230523_155249.jpg,data/segmented/data/TAMPAR/id_01_20230523_160440.jpg,data/segmented/data/drive/id_501_IMG_3894.jpg
train,data/segmented/data/TAMPAR/id_01_20230523_160437.jpg,data/segmented/data/TAMPAR/id_01_20230516_142129.jpg,data/segmented/data/TAMPAR/id_20_20230524_102624.jpg
train,data/segmented/data/TAMPAR/id_01_20230516_142123.jpg,data/segmented/data/TAMPAR/id_01_20230516_142642.jpg,data/segmented/data/TAMPAR/id_29_20230524_104113.jpg
train,data/segmented/data/TAMPAR/id_01_20230516_142652.jpg,data/segmented/data/TAMPAR/id_01_20230516_142029.jpg,data/segmented/data/TAMPAR/id_05_20230523_155809.jpg
train,data/segmented/data/TAMPAR/id_01_20230516_142657.jpg,data/segmented/data/TAMPAR/id_01_20230516_142720.jpg,data/segmented/data/TAMPAR/id_12_20230523_185412.jpg
train,data/segmented/data/TAMPAR/id_01_20230516_142051.jpg,data/segmented/data/TAMPAR/id_01_20230523_160443.jpg,data/segmented/data/TAMPAR/id_16_20230524_100632.jpg
train,data/segmented/data/TAMPAR/id_01_20230516_142029.jpg,data/segmented/data/TAMPAR/id_01_20230516_142107.jpg,data/segmented/data/TAMPAR/id_14_20230523_172501.jpg
train,data/segmented/data/TAMPAR/id_01_20230516_142137.jpg,data/segmented/data/TAMPAR/id_01_20230523_162459.jpg,data/segmented/data/drive/id_107_PXL_20251027_125722695.jpg
train,data/segmented/data/TAMPAR/id_01_20230523_155249.jpg,data/segmented/data/TAMPAR/id_01_20230523_162452.jpg,data/segmented/data/TAMPAR/id_03_20230523_162934.jpg
train,data/segmented/data/TAMPAR/id_13_20230524_102435.jpg,data/segmented/data/TAMPAR/id_13_20230524_102431.jpg,data/segmented/data/TAMPAR/id_04_20230523_160745.jpg
train,data/segmented/data/TAMPAR/id_13_20230524_100314.jpg,data/segmented/data/TAMPAR/id_13_20230524_102435.jpg,data/segmented/data/TAMPAR/id_01_20230516_142046.jpg
train,data/segmented/data/TAMPAR/id_13_20230523_191728.jpg,data/segmented/data/TAMPAR/id_13_20230523_185250.jpg,data/segmented/data/TAMPAR/id_19_20230523_172935.jpg
train,data/segmented/data/TAMPAR/id_13_20230523_185255.jpg,data/segmented/data/TAMPAR/id_13_20230523_191736.jpg,data/segmented/data/drive/id_106_IMG_20251020_141617_BURST18.jpg
train,data/segmented/data/TAMPAR/id_13_20230524_102431.jpg,data/segmented/data/TAMPAR/id_13_20230524_103738.jpg,data/segmented/data/TAMPAR/id_07_20230523_160813.jpg
train,data/segmented/data/TAMPAR/id_13_20230524_103722.jpg,data/segmented/data/TAMPAR/id_13_20230523_191746.jpg,data/segmented/data/TAMPAR/id_22_20230523_190759.jpg
train,data/segmented/data/TAMPAR/id_13_20230523_185250.jpg,data/segmented/data/TAMPAR/id_13_20230523_172000.jpg,data/segmented/data/TAMPAR/id_07_20230523_162523.jpg
train,data/segmented/data/TAMPAR/id_13_20230523_191733.jpg,data/segmented/data/TAMPAR/id_13_20230524_102415.jpg,data/segmented/data/TAMPAR/id_12_20230523_191100.jpg
train,data/segmented/data/TAMPAR/id_13_20230523_191733.jpg,data/segmented/data/TAMPAR/id_13_20230523_172012.jpg,data/segmented/data/TAMPAR/id_22_20230524_102252.jpg
train,data/segmented/data/TAMPAR/id_13_20230524_102420.jpg,data/segmented/data/TAMPAR/id_13_20230523_191736.jpg,data/segmented/data/TAMPAR/id_06_20230523_160257.jpg
